"","word","freq"
"불법주정차","불법주정차",891
"장애인","장애인",304
"주차","주차",266
"차량","차량",240
"도로","도로",208
"아파트","아파트",140
"삼문","삼문",123
"인도","인도",123
"조치","조치",117
"주차장","주차장",107
"불법","불법",99
"설치","설치",96
"공사","공사",94
"위반","위반",94
"단속","단속",93
"위험","위험",93
"부과","부과",91
"상설할인마트옆","상설할인마트옆",84
"과태료","과태료",76
"불편","불편",74
"적어","적어",71
"양이","양이",66
"신호","신호",63
"능동","능동",62
"버스","버스",61
"쓰레기","쓰레기",60
"수술","수술",59
"안전","안전",59
"장유","장유",55
"진영읍","진영읍",54
"진영","진영",53
"부원","부원",50
"삼계","삼계",50
"횡단보도","횡단보도",49
"좌회전","좌회전",48
"진행","진행",48
"거리","거리",47
"통행","통행",46
"봉황","봉황",45
"리츠빌","리츠빌",44
"전화","전화",44
"방치","방치",43
"외동","외동",42
"차선","차선",40
"트럭","트럭",40
"피해","피해",40
"번길","번길",39
"오전","오전",39
"정차","정차",39
"아침","아침",37
"입구","입구",37
"무단","무단",36
"부영","부영",36
"업무","업무",36
"불법광고","불법광고",35
"건물","건물",34
"잘못","잘못",34
"대우푸르지","대우푸르지",33
"병원","병원",33
"오후","오후",33
"저녁","저녁",33
"처벌","처벌",33
"강력","강력",32
"가로등","가로등",31
"요구","요구",31
"전용","전용",31
"학교","학교",31
"공원","공원",30
"관리","관리",30
"신청","신청",30
"교차로","교차로",29
"구산동","구산동",29
"구역","구역",29
"운행","운행",29
"입주자","입주자",29
"택시","택시",29
"인근","인근",28
"주택","주택",28
"학생","학생",28
"내동","내동",27
"다리","다리",27
"보행자","보행자",27
"부지","부지",27
"예정","예정",27
"이동","이동",27
"이야기","이야기",27
"주말","주말",27
"후문","후문",27
"거주","거주",26
"대청","대청",26
"동사무소","동사무소",26
"장소","장소",26
"표지판","표지판",26
"하루","하루",26
"건널목","건널목",25
"과태료부과","과태료부과",25
"내외","내외",25
"매일","매일",25
"상가","상가",25
"주차하","주차하",25
"허가","허가",25
"회사","회사",25
"공장","공장",24
"삼계동","삼계동",24
"파손","파손",24
"개선","개선",23
"골목","골목",23
"대로","대로",23
"직진","직진",23
"진입","진입",23
"하주","하주",23
"해결","해결",23
"도로가","도로가",22
"라인","라인",22
"부분","부분",22
"오토바이","오토바이",22
"위협","위협",22
"자동차","자동차",22
"주유소","주유소",22
"중흥","중흥",22
"투기","투기",22
"규정","규정",21
"당연","당연",21
"대형","대형",21
"방향","방향",21
"변경","변경",21
"상태","상태",21
"엄청","엄청",21
"정지","정지",21
"훼손","훼손",21
"cctv","cctv",20
"관동동","관동동",20
"도서관","도서관",20
"먼지","먼지",20
"부산","부산",20
"출퇴근","출퇴근",20
"토지","토지",20
"현장","현장",20
"개가","개가",19
"근처","근처",19
"농협","농협",19
"미세","미세",19
"방문","방문",19
"소리","소리",19
"시경","시경",19
"어제","어제",19
"이후","이후",19
"정문","정문",19
"주정차","주정차",19
"하기","하기",19
"향교","향교",19
"경찰","경찰",18
"대기","대기",18
"방법","방법",18
"상습적","상습적",18
"세금","세금",18
"신호위반","신호위반",18
"율하","율하",18
"의사","의사",18
"인지","인지",18
"주행","주행",18
"중앙선","중앙선",18
"진영리","진영리",18
"홈플러스","홈플러스",18
"건축물","건축물",17
"문화재","문화재",17
"번호","번호",17
"보행","보행",17
"불법건축물","불법건축물",17
"악취","악취",17
"자리","자리",17
"조속","조속",17
"주인","주인",17
"중요","중요",17
"차로","차로",17
"하자","하자",17
"감염","감염",16
"근무","근무",16
"길이","길이",16
"단속지침","단속지침",16
"대각선","대각선",16
"대성","대성",16
"동문굿모닝힐","동문굿모닝힐",16
"롯데마트","롯데마트",16
"방지","방지",16
"센터","센터",16
"승객","승객",16
"시정","시정",16
"자영업자","자영업자",16
"작년","작년",16
"정류장","정류장",16
"좋겠","좋겠",16
"주유","주유",16
"환경","환경",16
"나무","나무",15
"대부분","대부분",15
"대책","대책",15
"번호판","번호판",15
"시야","시야",15
"안내","안내",15
"일반","일반",15
"정비","정비",15
"주소","주소",15
"중앙","중앙",15
"진료","진료",15
"처분","처분",15
"행위","행위",15
"걱정","걱정",14
"담배꽁초","담배꽁초",14
"보시","보시",14
"삼방동","삼방동",14
"설명","설명",14
"수거","수거",14
"시가","시가",14
"시능동","시능동",14
"시작","시작",14
"시행","시행",14
"신호등","신호등",14
"우회전","우회전",14
"율하동","율하동",14
"이로","이로",14
"작업","작업",14
"점검","점검",14
"철거","철거",14
"최소한","최소한",14
"출근","출근",14
"폐기물","폐기물",14
"푸르지","푸르지",14
"하천","하천",14
"현수막","현수막",14
"횡단","횡단",14
"거북","거북",13
"건강","건강",13
"결과","결과",13
"길을","길을",13
"멸균","멸균",13
"분성","분성",13
"빌라","빌라",13
"신축","신축",13
"야간","야간",13
"이사","이사",13
"이진캐스빌","이진캐스빌",13
"정확","정확",13
"조사","조사",13
"진동","진동",13
"창문","창문",13
"출발","출발",13
"카메라","카메라",13
"파일","파일",13
"학원","학원",13
"관리소","관리소",12
"냄새","냄새",12
"동네","동네",12
"동성","동성",12
"무단횡단","무단횡단",12
"방해","방해",12
"번창","번창",12
"보기","보기",12
"수고많으","수고많으",12
"시일","시일",12
"신설","신설",12
"아주머니","아주머니",12
"안하","안하",12
"어린이집","어린이집",12
"운전","운전",12
"유모차","유모차",12
"이름","이름",12
"이전","이전",12
"주위","주위",12
"차아파트","차아파트",12
"초등학교","초등학교",12
"가게","가게",11
"갓길","갓길",11
"고의","고의",11
"공공","공공",11
"과속","과속",11
"과정","과정",11
"광고","광고",11
"기분","기분",11
"당당","당당",11
"두개","두개",11
"박스","박스",11
"벌금","벌금",11
"보편적","보편적",11
"부착","부착",11
"분명","분명",11
"비장","비장",11
"산책","산책",11
"새벽","새벽",11
"승용차","승용차",11
"시설","시설",11
"업자","업자",11
"엉망","엉망",11
"운동","운동",11
"원룸","원룸",11
"의견","의견",11
"일반차량","일반차량",11
"자전거","자전거",11
"주공","주공",11
"주차단속","주차단속",11
"진출","진출",11
"집앞","집앞",11
"처럼","처럼",11
"펜스","펜스",11
"가구","가구",10
"각이","각이",10
"갑오","갑오",10
"고가","고가",10
"교육","교육",10
"금액","금액",10
"기간","기간",10
"날씨","날씨",10
"높이","높이",10
"동물","동물",10
"리츠빌아파트","리츠빌아파트",10
"마련","마련",10
"맞은편","맞은편",10
"버스정류장","버스정류장",10
"벤치","벤치",10
"보도","보도",10
"보상","보상",10
"불안","불안",10
"빈번","빈번",10
"삼거리","삼거리",10
"소장","소장",10
"수도","수도",10
"수리","수리",10
"스티커","스티커",10
"승차","승차",10
"시설물","시설물",10
"아기","아기",10
"않았","않았",10
"어르신","어르신",10
"여래","여래",10
"예방","예방",10
"일어","일어",10
"작성","작성",10
"재발급","재발급",10
"전봇대","전봇대",10
"절차","절차",10
"좌우","좌우",10
"차도","차도",10
"천식","천식",10
"토요일","토요일",10
"평일","평일",10
"표시","표시",10
"해반천","해반천",10
"행동","행동",10
"확실","확실",10
"건너편","건너편",9
"건축업자","건축업자",9
"교통사고","교통사고",9
"기사","기사",9
"기존","기존",9
"년도","년도",9
"동일","동일",9
"마다","마다",9
"만원","만원",9
"말로","말로",9
"목격","목격",9
"무었","무었",9
"무인","무인",9
"미끄럼틀","미끄럼틀",9
"법과","법과",9
"보수","보수",9
"봉합","봉합",9
"부족","부족",9
"살수","살수",9
"성토","성토",9
"수고","수고",9
"신호대기","신호대기",9
"아버지","아버지",9
"어린이","어린이",9
"어머니","어머니",9
"인가","인가",9
"입장","입장",9
"자체","자체",9
"전입","전입",9
"정리","정리",9
"주차위반","주차위반",9
"차례","차례",9
"초래","초래",9
"추가","추가",9
"퇴근","퇴근",9
"파작업","파작업",9
"판매","판매",9
"팬스","팬스",9
"편의","편의",9
"현상","현상",9
"호계","호계",9
"확보","확보",9
"ic","ic",8
"kt","kt",8
"가건물","가건물",8
"거기","거기",8
"경찰서","경찰서",8
"과일","과일",8
"과일가게","과일가게",8
"관리가","관리가",8
"구멍","구멍",8
"구요","구요",8
"깨끗","깨끗",8
"내원","내원",8
"놀이터","놀이터",8
"누구","누구",8
"느낌","느낌",8
"단순","단순",8
"담배","담배",8
"대기업","대기업",8
"도구","도구",8
"도시가스","도시가스",8
"동영상","동영상",8
"먹이","먹이",8
"무시","무시",8
"배수관","배수관",8
"비둘기","비둘기",8
"비율","비율",8
"삼립식품","삼립식품",8
"상주","상주",8
"세벽","세벽",8
"수로","수로",8
"승강장","승강장",8
"시의","시의",8
"시차","시차",8
"신도시","신도시",8
"아무것","아무것",8
"안댄다","안댄다",8
"안세현","안세현",8
"야기","야기",8
"연지공원","연지공원",8
"옆집","옆집",8
"예전","예전",8
"원가","원가",8
"원래","원래",8
"유기","유기",8
"유턴","유턴",8
"이웃","이웃",8
"이하","이하",8
"입주","입주",8
"자격","자격",8
"장기","장기",8
"장애","장애",8
"장의","장의",8
"적재","적재",8
"전체","전체",8
"점령하","점령하",8
"정체","정체",8
"주거","주거",8
"진열","진열",8
"짜증","짜증",8
"차량번호","차량번호",8
"참고","참고",8
"참조","참조",8
"촬영","촬영",8
"최근","최근",8
"침범","침범",8
"통학","통학",8
"판단","판단",8
"편의점","편의점",8
"푸르지오아파트","푸르지오아파트",8
"하는거","하는거",8
"한두","한두",8
"합류","합류",8
"행사","행사",8
"허약","허약",8
"혼잡","혼잡",8
"홈플러스옆","홈플러스옆",8
"활천고개","활천고개",8
"회복무요원","회복무요원",8
"lh","lh",7
"간격","간격",7
"검색","검색",7
"경전철","경전철",7
"계도","계도",7
"계약","계약",7
"공사장","공사장",7
"교체","교체",7
"그걸","그걸",7
"근데","근데",7
"급받","급받",7
"기준","기준",7
"꼬리","꼬리",7
"내고","내고",7
"내리막","내리막",7
"네요","네요",7
"녹색","녹색",7
"답답","답답",7
"대구","대구",7
"대학교","대학교",7
"도로변","도로변",7
"도착","도착",7
"마을","마을",7
"마지막","마지막",7
"목적지","목적지",7
"물건","물건",7
"반복","반복",7
"받았","받았",7
"밤에","밤에",7
"방범","방범",7
"보지","보지",7
"불쌍","불쌍",7
"살고","살고",7
"삼정","삼정",7
"상세","상세",7
"서신","서신",7
"세대","세대",7
"수가","수가",7
"수선","수선",7
"수시","수시",7
"수요가","수요가",7
"신경","신경",7
"실시","실시",7
"심해","심해",7
"앞뒤","앞뒤",7
"엄마","엄마",7
"업체","업체",7
"여름이","여름이",7
"오염","오염",7
"원인","원인",7
"은행","은행",7
"음식물쓰레기","음식물쓰레기",7
"이러","이러",7
"인감증명서","인감증명서",7
"일방통행","일방통행",7
"일요일","일요일",7
"입금","입금",7
"있구요","있구요",7
"있는걸","있는걸",7
"저지","저지",7
"저촉","저촉",7
"전달","전달",7
"전문가","전문가",7
"정상","정상",7
"주택가","주택가",7
"증가","증가",7
"처방","처방",7
"철저","철저",7
"최소","최소",7
"컴퓨터","컴퓨터",7
"콘크리트","콘크리트",7
"타이어","타이어",7
"파크","파크",7
"한국","한국",7
"화물차","화물차",7
"가드레일","가드레일",6
"가로수","가로수",6
"가슴","가슴",6
"개발","개발",6
"건축","건축",6
"건축허가","건축허가",6
"견인","견인",6
"결정","결정",6
"공고","공고",6
"공동주택","공동주택",6
"공터","공터",6
"관계법령","관계법령",6
"광고물","광고물",6
"교통","교통",6
"교통관리","교통관리",6
"교통량","교통량",6
"교회","교회",6
"구간","구간",6
"구분","구분",6
"구산이진캐스빌","구산이진캐스빌",6
"권리","권리",6
"그집","그집",6
"근절","근절",6
"기관","기관",6
"기억","기억",6
"남자","남자",6
"노고","노고",6
"대동","대동",6
"대형트럭","대형트럭",6
"덤프트럭","덤프트럭",6
"덮개","덮개",6
"도색","도색",6
"동아","동아",6
"동의","동의",6
"마리","마리",6
"막버","막버",6
"매도","매도",6
"매수","매수",6
"명의","명의",6
"모래","모래",6
"모르겠","모르겠",6
"몰지각","몰지각",6
"무료","무료",6
"미관","미관",6
"미관상","미관상",6
"방안","방안",6
"범위","범위",6
"보통","보통",6
"보호","보호",6
"복잡","복잡",6
"봉투","봉투",6
"비가","비가",6
"비보","비보",6
"비슷","비슷",6
"산책로","산책로",6
"삼방","삼방",6
"상담","상담",6
"상동면","상동면",6
"선정","선정",6
"수홍하이랜드","수홍하이랜드",6
"시도","시도",6
"시술","시술",6
"시정조치","시정조치",6
"신나","신나",6
"신랑","신랑",6
"신호체계","신호체계",6
"아닌지요","아닌지요",6
"않겠","않겠",6
"야밤","야밤",6
"어놓","어놓",6
"어려움","어려움",6
"업주","업주",6
"에너지","에너지",6
"엘리베이터","엘리베이터",6
"연결부","연결부",6
"영업","영업",6
"예산","예산",6
"옥상","옥상",6
"올해","올해",6
"외제차","외제차",6
"위생","위생",6
"의료법","의료법",6
"이편","이편",6
"인력","인력",6
"인제대학교","인제대학교",6
"일대","일대",6
"임의","임의",6
"입력","입력",6
"자료","자료",6
"자연사","자연사",6
"적법","적법",6
"적치물","적치물",6
"전화번호","전화번호",6
"정자","정자",6
"제일","제일",6
"제한","제한",6
"주공아파트","주공아파트",6
"중앙선침범","중앙선침범",6
"증빙","증빙",6
"지도","지도",6
"진입로","진입로",6
"질의","질의",6
"차량통행","차량통행",6
"창원","창원",6
"처치","처치",6
"청소","청소",6
"축협쪽","축협쪽",6
"출입","출입",6
"측정","측정",6
"친구","친구",6
"친분","친분",6
"통행로","통행로",6
"통화","통화",6
"할머니","할머니",6
"합법","합법",6
"해놓았","해놓았",6
"현대","현대",6
"화가","화가",6
"환자","환자",6
"효과","효과",6
"휴지","휴지",6
"흡연","흡연",6
"가는길","가는길",5
"가스통","가스통",5
"강화","강화",5
"건설","건설",5
"건축과","건축과",5
"건축주","건축주",5
"게시판","게시판",5
"계속","계속",5
"공해","공해",5
"과거","과거",5
"관계","관계",5
"관계자","관계자",5
"관리비","관리비",5
"관리사무소","관리사무소",5
"관할","관할",5
"구거","구거",5
"그말","그말",5
"금은","금은",5
"기본","기본",5
"기술","기술",5
"길가","길가",5
"길목","길목",5
"남편","남편",5
"낭비","낭비",5
"내부","내부",5
"노점상","노점상",5
"눈물","눈물",5
"능력","능력",5
"다행","다행",5
"동물을","동물을",5
"동원","동원",5
"되어있","되어있",5
"등이","등이",5
"등학교","등학교",5
"롯데리","롯데리",5
"마트","마트",5
"말해","말해",5
"망자","망자",5
"메가마트","메가마트",5
"며칠","며칠",5
"문화재보호","문화재보호",5
"물이","물이",5
"밀봉","밀봉",5
"바닥","바닥",5
"밤낮","밤낮",5
"보건소","보건소",5
"보온","보온",5
"본론","본론",5
"부과대상","부과대상",5
"부담","부담",5
"불가","불가",5
"불법행위","불법행위",5
"블랙박스","블랙박스",5
"비치","비치",5
"빠른시","빠른시",5
"사실","사실",5
"상시","상시",5
"상식","상식",5
"상식적","상식적",5
"서부","서부",5
"선거","선거",5
"선생님","선생님",5
"소유자","소유자",5
"소재","소재",5
"수차례","수차례",5
"스퀘어","스퀘어",5
"스트레스","스트레스",5
"심한","심한",5
"쓰레기통","쓰레기통",5
"아무","아무",5
"아스팔트","아스팔트",5
"안내문","안내문",5
"안맞","안맞",5
"안해","안해",5
"알고","알고",5
"알고있","알고있",5
"약속","약속",5
"양쪽","양쪽",5
"어방동","어방동",5
"억울","억울",5
"언급","언급",5
"여고","여고",5
"열지","열지",5
"영향","영향",5
"오고","오고",5
"오래전","오래전",5
"와중","와중",5
"외부","외부",5
"월산","월산",5
"위촉","위촉",5
"유일","유일",5
"인간","인간",5
"일동","일동",5
"자연","자연",5
"자재","자재",5
"잘못된","잘못된",5
"장사","장사",5
"장신대","장신대",5
"장재","장재",5
"점령","점령",5
"제거","제거",5
"제출","제출",5
"종합","종합",5
"좋은이웃마트","좋은이웃마트",5
"주거지","주거지",5
"주실","주실",5
"주자","주자",5
"주중","주중",5
"중학교","중학교",5
"지하","지하",5
"질문","질문",5
"집행","집행",5
"최저","최저",5
"출생","출생",5
"출석","출석",5
"층주","층주",5
"치열","치열",5
"택시기사","택시기사",5
"팔판마","팔판마",5
"폭파","폭파",5
"하고있","하고있",5
"하루종일","하루종일",5
"하셨","하셨",5
"한마","한마",5
"항생제","항생제",5
"협의","협의",5
"홍보","홍보",5
"화요일","화요일",5
"황당","황당",5
"회신","회신",5
"휴관일","휴관일",5
"흔적","흔적",5
"흰색","흰색",5
"cc","cc",4
"cu","cu",4
"km","km",4
"sk","sk",4
"가격","가격",4
"가량","가량",4
"가리","가리",4
"가정","가정",4
"가족","가족",4
"가족관계","가족관계",4
"가중","가중",4
"간곡","간곡",4
"강사","강사",4
"강아지","강아지",4
"개도","개도",4
"개똥","개똥",4
"개명","개명",4
"개봉","개봉",4
"개의","개의",4
"개인","개인",4
"거나","거나",4
"거부","거부",4
"건축폐기물","건축폐기물",4
"검정색","검정색",4
"견디기","견디기",4
"결해","결해",4
"경기","경기",4
"경쟁이","경쟁이",4
"경험","경험",4
"계산","계산",4
"계획","계획",4
"고위험이많","고위험이많",4
"공개","공개",4
"공정거래위원회","공정거래위원회",4
"공지","공지",4
"공휴일","공휴일",4
"관리실","관리실",4
"굉장","굉장",4
"교대","교대",4
"교량","교량",4
"교복","교복",4
"교통시설","교통시설",4
"교통지도","교통지도",4
"구조","구조",4
"구지","구지",4
"국가","국가",4
"국토","국토",4
"그날","그날",4
"그쪽","그쪽",4
"금도","금도",4
"금지","금지",4
"기계","기계",4
"기름","기름",4
"기승","기승",4
"꼭설치해","꼭설치해",4
"나다니는길","나다니는길",4
"나대지","나대지",4
"나라","나라",4
"나머지","나머지",4
"난폭운전","난폭운전",4
"납부","납부",4
"내덕","내덕",4
"내리고","내리고",4
"노부모","노부모",4
"단체","단체",4
"달라","달라",4
"달린","달린",4
"대가","대가",4
"대동면","대동면",4
"대상","대상",4
"대표회의","대표회의",4
"대형차","대형차",4
"대화","대화",4
"더큰병원","더큰병원",4
"도로교통법상","도로교통법상",4
"도보","도보",4
"도서","도서",4
"독극물","독극물",4
"돌다리","돌다리",4
"동문","동문",4
"동의서","동의서",4
"두어","두어",4
"뒤편","뒤편",4
"뒷공","뒷공",4
"뒷편","뒷편",4
"드렸","드렸",4
"들어가겠","들어가겠",4
"들어올려","들어올려",4
"등교","등교",4
"리터","리터",4
"마땅","마땅",4
"마진","마진",4
"마티즈","마티즈",4
"만나","만나",4
"많은","많은",4
"말고","말고",4
"매년","매년",4
"매연","매연",4
"메일","메일",4
"명진파크뷰","명진파크뷰",4
"모기","모기",4
"목소리","목소리",4
"못봤","못봤",4
"못했","못했",4
"무관","무관",4
"무조건","무조건",4
"문화체육관","문화체육관",4
"물가안정","물가안정",4
"물고","물고",4
"미국산","미국산",4
"민증","민증",4
"밀집","밀집",4
"바쁘시겠","바쁘시겠",4
"박준상","박준상",4
"반납","반납",4
"반대쪽","반대쪽",4
"반대편","반대편",4
"방면","방면",4
"방수공사","방수공사",4
"방식","방식",4
"밭쪽","밭쪽",4
"배려","배려",4
"배차","배차",4
"버젓","버젓",4
"번째","번째",4
"법규","법규",4
"법률","법률",4
"병상","병상",4
"보관","보관",4
"보조","보조",4
"복권","복권",4
"복잡다못해","복잡다못해",4
"부당이득","부당이득",4
"부동산","부동산",4
"부모님","부모님",4
"분리대","분리대",4
"분리수거","분리수거",4
"분정","분정",4
"불경기","불경기",4
"불량","불량",4
"불철주야","불철주야",4
"블록","블록",4
"비둘","비둘",4
"비보호로해","비보호로해",4
"빌딩","빌딩",4
"살기좋","살기좋",4
"살기힘든데","살기힘든데",4
"상담원","상담원",4
"상습","상습",4
"상품","상품",4
"상하","상하",4
"서로","서로",4
"서류","서류",4
"서민","서민",4
"서울","서울",4
"세무서","세무서",4
"세상","세상",4
"소독","소독",4
"소중","소중",4
"소지","소지",4
"속도","속도",4
"손님","손님",4
"손상","손상",4
"손털","손털",4
"수릉원","수릉원",4
"수정","수정",4
"스럽","스럽",4
"시급","시급",4
"식이","식이",4
"실정","실정",4
"심각","심각",4
"싼곳","싼곳",4
"써니마트","써니마트",4
"쓰레기봉투","쓰레기봉투",4
"안내방송","안내방송",4
"안전사고","안전사고",4
"알바생","알바생",4
"압류","압류",4
"애기","애기",4
"어떻겠","어떻겠",4
"어렵","어렵",4
"어른","어른",4
"업소","업소",4
"에어","에어",4
"연간","연간",4
"연평균","연평균",4
"완전","완전",4
"외국인","외국인",4
"외형","외형",4
"용도","용도",4
"용량","용량",4
"월급","월급",4
"월산마","월산마",4
"월요일","월요일",4
"위반하는건","위반하는건",4
"위의","위의",4
"위조","위조",4
"위험성","위험성",4
"율하천","율하천",4
"음식","음식",4
"의뢰","의뢰",4
"의무","의무",4
"의문","의문",4
"의미","의미",4
"의자","의자",4
"이만저만","이만저만",4
"이부","이부",4
"이진","이진",4
"인도자","인도자",4
"인사","인사",4
"인성","인성",4
"인적","인적",4
"인천","인천",4
"일방","일방",4
"일주일","일주일",4
"일탈","일탈",4
"임산부","임산부",4
"입은","입은",4
"자동차전용도로","자동차전용도로",4
"자세","자세",4
"자영","자영",4
"잠이","잠이",4
"잡상인","잡상인",4
"장기간","장기간",4
"적반하장","적반하장",4
"적용","적용",4
"적절","적절",4
"적합","적합",4
"전하","전하",4
"점이","점이",4
"접촉사고","접촉사고",4
"제외","제외",4
"조용","조용",4
"조정","조정",4
"조취","조취",4
"졸업","졸업",4
"주범","주범",4
"주야","주야",4
"주어","주어",4
"주의","주의",4
"주촌면","주촌면",4
"중간","중간",4
"지내동","지내동",4
"지에스","지에스",4
"직장인","직장인",4
"진영코아루","진영코아루",4
"진이","진이",4
"진찰실","진찰실",4
"차정문","차정문",4
"착용","착용",4
"철물점","철물점",4
"철재","철재",4
"철제","철제",4
"청석","청석",4
"체계","체계",4
"추진","추진",4
"충분","충분",4
"취소","취소",4
"칠순","칠순",4
"침대","침대",4
"캐스빌","캐스빌",4
"커브","커브",4
"커피","커피",4
"큰소리","큰소리",4
"클럽","클럽",4
"키로","키로",4
"탄력","탄력",4
"터널","터널",4
"토요일밤","토요일밤",4
"통과","통과",4
"통보","통보",4
"특이","특이",4
"파상풍","파상풍",4
"파악","파악",4
"판매하는건","판매하는건",4
"판설치","판설치",4
"평소","평소",4
"폐기","폐기",4
"폐업","폐업",4
"포장","포장",4
"하소연","하소연",4
"한가운데","한가운데",4
"한곳","한곳",4
"한명","한명",4
"한자","한자",4
"할려","할려",4
"함박","함박",4
"허용","허용",4
"헛옷","헛옷",4
"현실","현실",4
"현황","현황",4
"호적등본","호적등본",4
"홈플러스앞","홈플러스앞",4
"화목","화목",4
"화장실","화장실",4
"환경오염행위","환경오염행위",4
"환급","환급",4
"환승","환승",4
"회원","회원",4
"회전","회전",4
"횡포","횡포",4
"희망","희망",4
"lpg","lpg",3
"가각부분","가각부분",3
"가로","가로",3
"가속","가속",3
"가야대학교","가야대학교",3
"가운데","가운데",3
"가전제품","가전제품",3
"각해","각해",3
"간신","간신",3
"감독","감독",3
"감시","감시",3
"강의","강의",3
"강행","강행",3
"같은거","같은거",3
"개념상","개념상",3
"개통","개통",3
"건물주","건물주",3
"건지","건지",3
"걸치는차도있","걸치는차도있",3
"겠다","겠다",3
"계단","계단",3
"계몽","계몽",3
"계신","계신",3
"고자","고자",3
"곳곳","곳곳",3
"공동","공동",3
"공사현장","공사현장",3
"공정","공정",3
"과도","과도",3
"과반수","과반수",3
"과한거","과한거",3
"관광","관광",3
"관리사무소장","관리사무소장",3
"관리소장","관리소장",3
"관세","관세",3
"교차","교차",3
"교통과","교통과",3
"교통정리","교통정리",3
"구산","구산",3
"구제","구제",3
"구조물","구조물",3
"구체적","구체적",3
"굴곡","굴곡",3
"굴삭기","굴삭기",3
"권한","권한",3
"귀책사유","귀책사유",3
"그곳","그곳",3
"그런다는거","그런다는거",3
"그런말","그런말",3
"그쪽라인","그쪽라인",3
"근로","근로",3
"기대","기대",3
"기도","기도",3
"기면","기면",3
"기본적","기본적",3
"기적","기적",3
"기초","기초",3
"나가는걸","나가는걸",3
"나가는도중","나가는도중",3
"나고있","나고있",3
"난리","난리",3
"날짜","날짜",3
"남아","남아",3
"내어","내어",3
"내왕","내왕",3
"넣겠","넣겠",3
"년살다","년살다",3
"놀라운일","놀라운일",3
"농도","농도",3
"농지","농지",3
"누군가","누군가",3
"눈썹","눈썹",3
"는걸","는걸",3
"다니는건","다니는건",3
"닦달","닦달",3
"단속과","단속과",3
"단속대상","단속대상",3
"당해","당해",3
"대답","대답",3
"대신","대신",3
"대의","대의",3
"대지","대지",3
"대학생","대학생",3
"도로공사","도로공사",3
"도저","도저",3
"돈주","돈주",3
"돌담","돌담",3
"동광","동광",3
"동별","동별",3
"동부","동부",3
"동상","동상",3
"동차","동차",3
"두군데있","두군데있",3
"둘다","둘다",3
"뒤쪽","뒤쪽",3
"듣기","듣기",3
"등교길","등교길",3
"등본","등본",3
"등하교하","등하교하",3
"떡하","떡하",3
"뚜껑","뚜껑",3
"뜨란채","뜨란채",3
"라졌으","라졌으",3
"랑하","랑하",3
"레미콘","레미콘",3
"려해보시는","려해보시는",3
"리는분","리는분",3
"마주","마주",3
"마침","마침",3
"막아놔","막아놔",3
"만들기","만들기",3
"말투","말투",3
"매트리스","매트리스",3
"머리부분","머리부분",3
"멘트","멘트",3
"명품","명품",3
"몇몇","몇몇",3
"모니터링","모니터링",3
"모닝","모닝",3
"모집","모집",3
"목요일","목요일",3
"목적","목적",3
"무균술","무균술",3
"무단방치","무단방치",3
"무언가","무언가",3
"묵과","묵과",3
"문서","문서",3
"문신","문신",3
"문화","문화",3
"미래","미래",3
"미숙","미숙",3
"미용","미용",3
"미친속도","미친속도",3
"미터","미터",3
"바꾸","바꾸",3
"바보","바보",3
"반입","반입",3
"반침하","반침하",3
"발조","발조",3
"밤새","밤새",3
"방바닥","방바닥",3
"방송","방송",3
"방수","방수",3
"배관","배관",3
"배수관막힘","배수관막힘",3
"배출","배출",3
"버스운전기사","버스운전기사",3
"번버스","번버스",3
"보행로","보행로",3
"보호차원","보호차원",3
"본산","본산",3
"봉합사","봉합사",3
"봐왔","봐왔",3
"부곡동","부곡동",3
"부곡초등학교","부곡초등학교",3
"부양","부양",3
"분간","분간",3
"분야","분야",3
"분쟁","분쟁",3
"불법투기","불법투기",3
"불빛","불빛",3
"불쾌","불쾌",3
"불쾌감","불쾌감",3
"불특정","불특정",3
"비닐","비닐",3
"비단","비단",3
"비용","비용",3
"빠른속도","빠른속도",3
"빠른조치","빠른조치",3
"빨간색","빨간색",3
"사고","사고",3
"산불방지","산불방지",3
"삼성","삼성",3
"상급기관","상급기관",3
"상호","상호",3
"생많으","생많으",3
"생시","생시",3
"생이","생이",3
"서는차도있","서는차도있",3
"서비스","서비스",3
"석재","석재",3
"선진사회","선진사회",3
"설치및단속","설치및단속",3
"성인","성인",3
"소상","소상",3
"소유주","소유주",3
"소형","소형",3
"수면","수면",3
"수목","수목",3
"수십","수십",3
"수인사","수인사",3
"수준","수준",3
"순찰","순찰",3
"순천방향","순천방향",3
"슁글","슁글",3
"스캔","스캔",3
"스쿨존","스쿨존",3
"승인","승인",3
"시부","시부",3
"시작했","시작했",3
"신명","신명",3
"신호위반을","신호위반을",3
"실수","실수",3
"실제","실제",3
"실질","실질",3
"심한거같","심한거같",3
"썩었","썩었",3
"쓰레","쓰레",3
"아닐시","아닐시",3
"안보","안보",3
"안씁니","안씁니",3
"안전조치","안전조치",3
"알고싶","알고싶",3
"알았","알았",3
"알콜","알콜",3
"앞쪽","앞쪽",3
"애초","애초",3
"야구","야구",3
"야구경기","야구경기",3
"약속이행","약속이행",3
"양이들타령","양이들타령",3
"어의","어의",3
"얼룩실룩","얼룩실룩",3
"엉뚱","엉뚱",3
"에어컨","에어컨",3
"여성","여성",3
"여행자","여행자",3
"연결","연결",3
"연결도로","연결도로",3
"연말정산","연말정산",3
"연장","연장",3
"영상","영상",3
"영업장","영업장",3
"예산낭비","예산낭비",3
"예상","예상",3
"오렌지","오렌지",3
"오시","오시",3
"오전이른","오전이른",3
"왕복","왕복",3
"용규정","용규정",3
"우회","우회",3
"위령제","위령제",3
"위반하는걸","위반하는걸",3
"위주","위주",3
"위쪽","위쪽",3
"유도","유도",3
"유독","유독",3
"은색","은색",3
"음식물","음식물",3
"음식점","음식점",3
"응대","응대",3
"의결","의결",3
"의지","의지",3
"이글","이글",3
"이럴","이럴",3
"이면도로","이면도로",3
"이미","이미",3
"이없을땐","이없을땐",3
"이트","이트",3
"이편한세상","이편한세상",3
"익스프레스","익스프레스",3
"인제","인제",3
"일경","일경",3
"일내","일내",3
"일보","일보",3
"일수","일수",3
"입증","입증",3
"입찰","입찰",3
"있는걸로압니","있는걸로압니",3
"있는곳","있는곳",3
"있을꺼같네요","있을꺼같네요",3
"자갈","자갈",3
"자동","자동",3
"자문","자문",3
"자치","자치",3
"작동","작동",3
"잡수입","잡수입",3
"장난","장난",3
"장면","장면",3
"장유보건소","장유보건소",3
"저번","저번",3
"적어봤습니","적어봤습니",3
"전구","전구",3
"전세","전세",3
"절실","절실",3
"접대","접대",3
"정기","정기",3
"정면","정면",3
"정부기관","정부기관",3
"제동","제동",3
"제안","제안",3
"져분","져분",3
"종이","종이",3
"좋을거같","좋을거같",3
"주간","주간",3
"주사","주사",3
"주야간","주야간",3
"주지","주지",3
"준비물","준비물",3
"중국","중국",3
"중단","중단",3
"중앙하이츠","중앙하이츠",3
"중위","중위",3
"중지","중지",3
"증거","증거",3
"지침","지침",3
"직접전화를하","직접전화를하",3
"진례","진례",3
"진료실","진료실",3
"질병","질병",3
"집안","집안",3
"집주인","집주인",3
"차량으","차량으",3
"차선도로","차선도로",3
"차선위반","차선위반",3
"차주","차주",3
"참여","참여",3
"창원시","창원시",3
"천문대","천문대",3
"천지","천지",3
"체증","체증",3
"최하","최하",3
"출근길","출근길",3
"침하","침하",3
"캣맘들","캣맘들",3
"켜진상태","켜진상태",3
"코너","코너",3
"쾌적","쾌적",3
"쿵캉","쿵캉",3
"키우지않","키우지않",3
"태경프라","태경프라",3
"태만","태만",3
"택시요금","택시요금",3
"터미널","터미널",3
"통제","통제",3
"통한","통한",3
"투자","투자",3
"투표","투표",3
"특정","특정",3
"특혜","특혜",3
"팩스","팩스",3
"페인트","페인트",3
"편입","편입",3
"평생학습","평생학습",3
"평행","평행",3
"포트","포트",3
"폭약","폭약",3
"표기","표기",3
"표식","표식",3
"푯말","푯말",3
"하교","하교",3
"하구","하구",3
"학대","학대",3
"한번씩","한번씩",3
"한쪽","한쪽",3
"할꺼같","할꺼같",3
"항의","항의",3
"해빙기","해빙기",3
"해서","해서",3
"해오","해오",3
"핸폰","핸폰",3
"행복","행복",3
"향응","향응",3
"현금","현금",3
"혈세","혈세",3
"형식","형식",3
"화인","화인",3
"확률","확률",3
"환부","환부",3
"활동","활동",3
"활쓰레","활쓰레",3
"활용","활용",3
"회복","회복",3
"후로","후로",3
"후면","후면",3
"후미","후미",3
"후진","후진",3
"훌쩍넘는속도","훌쩍넘는속도",3
"휴관","휴관",3
"흥동","흥동",3
"힘드시잖","힘드시잖",3
"bmw","bmw",2
"com","com",2
"kg","kg",2
"led","led",2
"quot","quot",2
"tv","tv",2
"who","who",2
"가보","가보",2
"가스","가스",2
"가스폭발","가스폭발",2
"가운","가운",2
"가정집","가정집",2
"가포","가포",2
"각도못한","각도못한",2
"간단","간단",2
"간절","간절",2
"간접","간접",2
"간판","간판",2
"간헐적","간헐적",2
"갈곳","갈곳",2
"감노","감노",2
"감리업체","감리업체",2
"감수","감수",2
"갖다부","갖다부",2
"개문","개문",2
"개발제한구역","개발제한구역",2
"개주","개주",2
"개채","개채",2
"객토","객토",2
"거주자","거주자",2
"거즈","거즈",2
"건물d동","건물d동",2
"건설현장","건설현장",2
"건설회사","건설회사",2
"걸려있","걸려있",2
"검지","검지",2
"것으","것으",2
"것이었","것이었",2
"견적서","견적서",2
"견종","견종",2
"결과및","결과및",2
"결론","결론",2
"결혼","결혼",2
"경관","경관",2
"경비실","경비실",2
"경비원","경비원",2
"경적","경적",2
"경적소리","경적소리",2
"계셨","계셨",2
"계속적","계속적",2
"계약직","계약직",2
"계약하셨","계약하셨",2
"계통","계통",2
"고도","고도",2
"고속도로","고속도로",2
"고양이","고양이",2
"고위험","고위험",2
"골목길","골목길",2
"공개모집","공개모집",2
"공고문","공고문",2
"공공시설","공공시설",2
"공문","공문",2
"공사감독","공사감독",2
"공인중개사","공인중개사",2
"공중위생","공중위생",2
"공짜","공짜",2
"과량","과량",2
"관공서","관공서",2
"관광객","관광객",2
"관동","관동",2
"관동아트빌","관동아트빌",2
"관통아트빌","관통아트빌",2
"광고판","광고판",2
"괜찮","괜찮",2
"교양강좌","교양강좌",2
"교통체증","교통체증",2
"교통혼잡","교통혼잡",2
"구더기","구더기",2
"구도시","구도시",2
"구제해달","구제해달",2
"구주","구주",2
"구청","구청",2
"굿모닝힐","굿모닝힐",2
"궁급합니","궁급합니",2
"권위","권위",2
"규정상","규정상",2
"그것","그것",2
"그대","그대",2
"그릇","그릇",2
"그옆","그옆",2
"그전","그전",2
"그제","그제",2
"그집앞","그집앞",2
"근거","근거",2
"근로자","근로자",2
"근린공원","근린공원",2
"근무지","근무지",2
"근방","근방",2
"근생","근생",2
"금관","금관",2
"금보","금보",2
"금지구역","금지구역",2
"급브레이크","급브레이크",2
"급비","급비",2
"기간제","기간제",2
"기록","기록",2
"기반","기반",2
"기아자","기아자",2
"기여","기여",2
"기와","기와",2
"기울","기울",2
"기집","기집",2
"길거리","길거리",2
"길못","길못",2
"김밥","김밥",2
"김종해","김종해",2
"껍데기","껍데기",2
"꼬깔콘","꼬깔콘",2
"꽁초","꽁초",2
"꽃혀있던","꽃혀있던",2
"나면","나면",2
"나뭇","나뭇",2
"나운개","나운개",2
"난방","난방",2
"난잡","난잡",2
"난해","난해",2
"남의","남의",2
"납득","납득",2
"내리막길","내리막길",2
"내외문화의집","내외문화의집",2
"내일","내일",2
"냄비","냄비",2
"너무불편합니","너무불편합니",2
"노래","노래",2
"노면","노면",2
"노선","노선",2
"놀랐","놀랐",2
"놀수밖에없는","놀수밖에없는",2
"놀이기구","놀이기구",2
"농공","농공",2
"농기구","농기구",2
"농사","농사",2
"농사짓는건","농사짓는건",2
"농사짓는땅","농사짓는땅",2
"놓았","놓았",2
"누가봐","누가봐",2
"누락","누락",2
"다는걸","다는걸",2
"단감","단감",2
"단호","단호",2
"달리기","달리기",2
"담장","담장",2
"당사","당사",2
"당황","당황",2
"대고","대고",2
"대기오염","대기오염",2
"대동아","대동아",2
"대동제","대동제",2
"대란","대란",2
"대리인","대리인",2
"대문","대문",2
"대분량","대분량",2
"대소변","대소변",2
"대어","대어",2
"대체","대체",2
"대출","대출",2
"대충대충","대충대충",2
"대통령","대통령",2
"대표자","대표자",2
"대형사고","대형사고",2
"대형차량","대형차량",2
"대흥","대흥",2
"더욱불편","더욱불편",2
"더위","더위",2
"덕정","덕정",2
"도달","도달",2
"도면","도면",2
"도무","도무",2
"도배","도배",2
"도장","도장",2
"독촉","독촉",2
"돈은","돈은",2
"동남아외노","동남아외노",2
"동물병원","동물병원",2
"동물보호","동물보호",2
"동물원","동물원",2
"동생","동생",2
"동우빌딩","동우빌딩",2
"되기","되기",2
"된곳","된곳",2
"될까봐","될까봐",2
"두눈","두눈",2
"두마","두마",2
"두배","두배",2
"둘째","둘째",2
"둥지","둥지",2
"뒷거래","뒷거래",2
"뒷쪽","뒷쪽",2
"드렸는대","드렸는대",2
"들어온거","들어온거",2
"등기","등기",2
"등산","등산",2
"등산로","등산로",2
"등하교길","등하교길",2
"뜨란채아파트","뜨란채아파트",2
"라진","라진",2
"레벨","레벨",2
"려하","려하",2
"려해","려해",2
"로얄듀크","로얄듀크",2
"롯데","롯데",2
"리버티","리버티",2
"마구","마구",2
"마당","마당",2
"마디","마디",2
"마찬","마찬",2
"막아둔걸","막아둔걸",2
"맞으편","맞으편",2
"매립","매립",2
"매매","매매",2
"매스미디어","매스미디어",2
"매스컴","매스컴",2
"매월","매월",2
"매입","매입",2
"매장","매장",2
"맨홀","맨홀",2
"멈추었","멈추었",2
"메뉴","메뉴",2
"메뉴얼","메뉴얼",2
"면적","면적",2
"명동삼거","명동삼거",2
"명백","명백",2
"명확","명확",2
"모래사장","모래사장",2
"모서리","모서리",2
"모아빌라a동","모아빌라a동",2
"모여","모여",2
"목욕탕","목욕탕",2
"몰랐","몰랐",2
"못받","못받",2
"못타","못타",2
"무계동","무계동",2
"무궁","무궁",2
"무균","무균",2
"무균상태","무균상태",2
"무당","무당",2
"무리","무리",2
"무법","무법",2
"무법천지","무법천지",2
"무상","무상",2
"무성","무성",2
"무소","무소",2
"무용지물","무용지물",2
"무지","무지",2
"무차별적","무차별적",2
"무허가","무허가",2
"물량","물량",2
"물류","물류",2
"물상","물상",2
"물었","물었",2
"물질","물질",2
"물품","물품",2
"미니","미니",2
"미비","미비",2
"미설치","미설치",2
"미안","미안",2
"미화","미화",2
"믹스","믹스",2
"밀리다보","밀리다보",2
"바늘","바늘",2
"바지","바지",2
"박물관","박물관",2
"박빌라트","박빌라트",2
"박윤정","박윤정",2
"반룡","반룡",2
"반말","반말",2
"반사거울","반사거울",2
"반사경","반사경",2
"반상회","반상회",2
"밤이되","밤이되",2
"방다닥","방다닥",2
"방벽","방벽",2
"방세","방세",2
"방해가됩니","방해가됩니",2
"방향지시등","방향지시등",2
"배가","배가",2
"배달","배달",2
"배드민턴","배드민턴",2
"배스킨","배스킨",2
"배우","배우",2
"백조아파트","백조아파트",2
"버렸","버렸",2
"버릇","버릇",2
"버리기","버리기",2
"버스운행","버스운행",2
"버스편","버스편",2
"번가","번가",2
"번국","번국",2
"번기","번기",2
"번복","번복",2
"번식","번식",2
"범칙금","범칙금",2
"법령","법령",2
"법원","법원",2
"변변","변변",2
"병실","병실",2
"병원비","병원비",2
"보금자리","보금자리",2
"보아","보아",2
"보여집니","보여집니",2
"보존","보존",2
"보충","보충",2
"보호구역으","보호구역으",2
"보호자","보호자",2
"복개","복개",2
"복무","복무",2
"복용","복용",2
"복용량","복용량",2
"복지부","복지부",2
"복판","복판",2
"복학","복학",2
"본선","본선",2
"볼일","볼일",2
"부담스럽","부담스럽",2
"부담자","부담자",2
"부모","부모",2
"부부","부부",2
"부상","부상",2
"부실","부실",2
"부영이","부영이",2
"부은거","부은거",2
"북부","북부",2
"분기","분기",2
"분노","분노",2
"분산","분산",2
"분실","분실",2
"분전","분전",2
"불가피","불가피",2
"불만","불만",2
"불모","불모",2
"불법유턴","불법유턴",2
"불법주정차하","불법주정차하",2
"불이","불이",2
"불조사","불조사",2
"불편해졌","불편해졌",2
"블라인드","블라인드",2
"블박","블박",2
"비스듬","비스듬",2
"비해","비해",2
"빙그레","빙그레",2
"빙그레회사","빙그레회사",2
"빙판","빙판",2
"빠른길로가","빠른길로가",2
"뻔뻔","뻔뻔",2
"뿌리","뿌리",2
"사거리","사거리",2
"사전","사전",2
"산등성","산등성",2
"산비탈","산비탈",2
"산입","산입",2
"살해","살해",2
"삼계두산위브","삼계두산위브",2
"상가건물","상가건물",2
"상관","상관",2
"상남동","상남동",2
"상동","상동",2
"상수원","상수원",2
"상습범","상습범",2
"상업지","상업지",2
"상자","상자",2
"상징이긴","상징이긴",2
"상태였","상태였",2
"상했","상했",2
"새들교회","새들교회",2
"색이","색이",2
"서상동","서상동",2
"서씨한우촌","서씨한우촌",2
"선량","선량",2
"설정","설정",2
"성분","성분",2
"성산","성산",2
"세로","세로",2
"세우","세우",2
"세월","세월",2
"세탁","세탁",2
"센텀프라자앞","센텀프라자앞",2
"소각","소각",2
"소감","소감",2
"소량","소량",2
"소변","소변",2
"소요","소요",2
"소유","소유",2
"소집","소집",2
"속도위반","속도위반",2
"속적으","속적으",2
"손길","손길",2
"손바닥","손바닥",2
"손씻","손씻",2
"수기","수기",2
"수십차례","수십차례",2
"수업","수업",2
"수월","수월",2
"수의계약","수의계약",2
"수지","수지",2
"수치","수치",2
"수행","수행",2
"순간","순간",2
"순식간","순식간",2
"스스로","스스로",2
"스크럽","스크럽",2
"스텐","스텐",2
"시계탑","시계탑",2
"시굴","시굴",2
"시기","시기",2
"시끄럽","시끄럽",2
"시내버스","시내버스",2
"시대","시대",2
"시덕정","시덕정",2
"시반","시반",2
"시소","시소",2
"시술자","시술자",2
"시의회","시의회",2
"시점","시점",2
"시행사","시행사",2
"식구","식구",2
"식당","식당",2
"식사","식사",2
"식재","식재",2
"신방","신방",2
"신분","신분",2
"신생아","신생아",2
"신우","신우",2
"신주","신주",2
"신청인","신청인",2
"신청일","신청일",2
"신학","신학",2
"실상","실상",2
"실선","실선",2
"실외","실외",2
"실장","실장",2
"실태","실태",2
"심정","심정",2
"심한거","심한거",2
"썰매","썰매",2
"씨거","씨거",2
"아니옵","아니옵",2
"아닌거","아닌거",2
"아닌곳","아닌곳",2
"아름다","아름다",2
"아름다움","아름다움",2
"아볼","아볼",2
"아쉬움","아쉬움",2
"아시","아시",2
"아시겠","아시겠",2
"아우","아우",2
"아울렛","아울렛",2
"악어","악어",2
"악질","악질",2
"안갑니","안갑니",2
"안내판","안내판",2
"안됀듯","안됀듯",2
"안되는거","안되는거",2
"안락사","안락사",2
"안전장치","안전장치",2
"안좋구요","안좋구요",2
"않았다","않았다",2
"않은점","않은점",2
"않을꺼같","않을꺼같",2
"앞도","앞도",2
"앞집","앞집",2
"애당초","애당초",2
"야구장","야구장",2
"양방향","양방향",2
"어깨","어깨",2
"어느날","어느날",2
"어두","어두",2
"어두운색","어두운색",2
"어딘가","어딘가",2
"어떨때","어떨때",2
"어요","어요",2
"어플","어플",2
"언덕","언덕",2
"엄중","엄중",2
"업로드","업로드",2
"없는거구요","없는거구요",2
"었는데","었는데",2
"에사시","에사시",2
"에스","에스",2
"엔젤리너스앞","엔젤리너스앞",2
"여객","여객",2
"여건","여건",2
"여려개","여려개",2
"여름","여름",2
"여름철","여름철",2
"여지","여지",2
"연관","연관",2
"연기","연기",2
"연시","연시",2
"열고","열고",2
"열기","열기",2
"염려","염려",2
"염증","염증",2
"였다","였다",2
"영구적","영구적",2
"영업용차량","영업용차량",2
"옆쪽","옆쪽",2
"예비군","예비군",2
"예비비","예비비",2
"예시","예시",2
"예의","예의",2
"오기","오기",2
"오는대","오는대",2
"오랜기간","오랜기간",2
"오른쪽","오른쪽",2
"옥외광고","옥외광고",2
"온사방","온사방",2
"올라가는길","올라가는길",2
"올라가달","올라가달",2
"와이어","와이어",2
"와이프","와이프",2
"완료","완료",2
"왜냐","왜냐",2
"외노자들","외노자들",2
"외식","외식",2
"외출증","외출증",2
"외할머니","외할머니",2
"왼쪽","왼쪽",2
"요금","요금",2
"요소","요소",2
"요우커","요우커",2
"용이","용이",2
"용자","용자",2
"용해","용해",2
"우즉","우즉",2
"우측","우측",2
"우회도로","우회도로",2
"운행횟수","운행횟수",2
"울타리","울타리",2
"원도로","원도로",2
"원본","원본",2
"원상","원상",2
"원차","원차",2
"원치","원치",2
"월단위","월단위",2
"월주차","월주차",2
"월중","월중",2
"위로","위로",2
"위생상","위생상",2
"위생상태","위생상태",2
"위한것도아","위한것도아",2
"위험도","위험도",2
"위험물","위험물",2
"위험요소","위험요소",2
"위험했","위험했",2
"유료","유료",2
"유입","유입",2
"유첨","유첨",2
"율곡","율곡",2
"율하주공","율하주공",2
"율현마","율현마",2
"율현주공","율현주공",2
"으슥","으슥",2
"읍사무소","읍사무소",2
"응급","응급",2
"의견수렴","의견수렴",2
"의료기관","의료기관",2
"의료행위","의료행위",2
"의문스럽","의문스럽",2
"의아","의아",2
"의외","의외",2
"이걸","이걸",2
"이다보","이다보",2
"이동했","이동했",2
"이렇케","이렇케",2
"이름으","이름으",2
"이마트","이마트",2
"이면","이면",2
"이순덕","이순덕",2
"이의","이의",2
"이의신청","이의신청",2
"이일","이일",2
"이차","이차",2
"이차량","이차량",2
"이첩","이첩",2
"이틀","이틀",2
"인감도장","인감도장",2
"인대","인대",2
"인도사","인도사",2
"인명사고","인명사고",2
"인상","인상",2
"인용","인용",2
"인정","인정",2
"인조가죽","인조가죽",2
"인터빌라","인터빌라",2
"일련","일련",2
"일반쓰레기","일반쓰레기",2
"일반차","일반차",2
"일전","일전",2
"일후","일후",2
"임대","임대",2
"임시","임시",2
"입대","입대",2
"입양","입양",2
"입주가","입주가",2
"입찰공고","입찰공고",2
"있는데도","있는데도",2
"있습니","있습니",2
"있을거","있을거",2
"자가","자가",2
"자여입구","자여입구",2
"자유","자유",2
"자제","자제",2
"자질","자질",2
"자차","자차",2
"자활","자활",2
"작업기구","작업기구",2
"잡기","잡기",2
"잡초","잡초",2
"장기수","장기수",2
"장님","장님",2
"장등","장등",2
"장방","장방",2
"장애물","장애물",2
"장외과","장외과",2
"장유면","장유면",2
"장유에살때","장유에살때",2
"장착","장착",2
"재기","재기",2
"재떨이","재떨이",2
"재떨이겸","재떨이겸",2
"재발","재발",2
"재산","재산",2
"재질","재질",2
"재활용품","재활용품",2
"저러","저러",2
"저분","저분",2
"저분합니","저분합니",2
"적립","적립",2
"적립금","적립금",2
"적인단속","적인단속",2
"적정","적정",2
"전도","전도",2
"전산","전산",2
"전선","전선",2
"전신주","전신주",2
"전통","전통",2
"전해","전해",2
"절개","절개",2
"절대","절대",2
"절벽","절벽",2
"절삭유","절삭유",2
"절삭하는기계","절삭하는기계",2
"점거","점거",2
"점등","점등",2
"점차적으","점차적으",2
"접근","접근",2
"정류소","정류소",2
"정보통신","정보통신",2
"정재","정재",2
"정중","정중",2
"정치","정치",2
"정한","정한",2
"정호정밀","정호정밀",2
"정황","정황",2
"제목","제목",2
"제시","제시",2
"제정","제정",2
"조은금강병원","조은금강병원",2
"조의","조의",2
"조회","조회",2
"졸업했","졸업했",2
"좁은길","좁은길",2
"종량제","종량제",2
"종량제봉투","종량제봉투",2
"종자돈","종자돈",2
"좌측","좌측",2
"주일","주일",2
"주차되어있","주차되어있",2
"주차시설","주차시설",2
"주차하는거","주차하는거",2
"주차할","주차할",2
"주차할수","주차할수",2
"주황","주황",2
"주황색","주황색",2
"준수","준수",2
"준주거","준주거",2
"준칙","준칙",2
"중앙병원","중앙병원",2
"중요시","중요시",2
"중인","중인",2
"중장비","중장비",2
"중점","중점",2
"즈넉한","즈넉한",2
"지대","지대",2
"지목","지목",2
"지속","지속",2
"지않","지않",2
"지하주차장","지하주차장",2
"직격탄","직격탄",2
"직선","직선",2
"직인","직인",2
"진영휴먼시","진영휴먼시",2
"진의","진의",2
"진짜","진짜",2
"진촬영","진촬영",2
"진행했","진행했",2
"질환","질환",2
"집결지","집결지",2
"집계","집계",2
"집근처","집근처",2
"집기","집기",2
"집단","집단",2
"집에가","집에가",2
"집옆","집옆",2
"차단","차단",2
"차량두대","차량두대",2
"차분","차분",2
"차이","차이",2
"차일","차일",2
"차트","차트",2
"창고","창고",2
"창원행","창원행",2
"채용","채용",2
"책무","책무",2
"처우","처우",2
"철거명령","철거명령",2
"철거작업","철거작업",2
"철공","철공",2
"철길","철길",2
"철망","철망",2
"철봉","철봉",2
"철수","철수",2
"청소년","청소년",2
"청의","청의",2
"체육","체육",2
"체육공원","체육공원",2
"초대형","초대형",2
"초등학생","초등학생",2
"초록색","초록색",2
"초치","초치",2
"촬영했","촬영했",2
"최선","최선",2
"추억","추억",2
"추정","추정",2
"추후","추후",2
"출구","출구",2
"출산","출산",2
"출입구","출입구",2
"출혈","출혈",2
"충격","충격",2
"취재","취재",2
"측은","측은",2
"치기","치기",2
"치료","치료",2
"치매","치매",2
"치워주십사","치워주십사",2
"치워줬","치워줬",2
"치유","치유",2
"친점","친점",2
"침해","침해",2
"캡쳐","캡쳐",2
"큰개","큰개",2
"큰도","큰도",2
"큰목소리","큰목소리",2
"클러캡슐","클러캡슐",2
"키우고있","키우고있",2
"타려","타려",2
"타일","타일",2
"탄성","탄성",2
"탑마트","탑마트",2
"태신아파트","태신아파트",2
"택시승강장","택시승강장",2
"텃밭","텃밭",2
"토의","토의",2
"통고","통고",2
"퇴적물","퇴적물",2
"투입","투입",2
"투척","투척",2
"투표자","투표자",2
"트렁크","트렁크",2
"파고","파고",2
"파괴","파괴",2
"파리","파리",2
"파인","파인",2
"편리","편리",2
"편의시설","편의시설",2
"평균","평균",2
"평면도","평면도",2
"평상복","평상복",2
"평전","평전",2
"평화","평화",2
"폐가로등","폐가로등",2
"폐목재","폐목재",2
"폐유","폐유",2
"폐자제","폐자제",2
"포기","포기",2
"포장기","포장기",2
"표지","표지",2
"푸르지오입구","푸르지오입구",2
"풀리","풀리",2
"풀에버","풀에버",2
"풍유","풍유",2
"피곤","피곤",2
"피부병","피부병",2
"피씨방","피씨방",2
"피하","피하",2
"필리핀","필리핀",2
"필지","필지",2
"핑계","핑계",2
"하고있던데요","하고있던데요",2
"하는건","하는건",2
"하는걸","하는걸",2
"하단","하단",2
"하세","하세",2
"하수","하수",2
"하수구","하수구",2
"하이마트","하이마트",2
"하천으","하천으",2
"학부모","학부모",2
"학생체육관","학생체육관",2
"한가","한가",2
"한국관광사","한국관광사",2
"한국환경과학회","한국환경과학회",2
"한다는","한다는",2
"한두번하는","한두번하는",2
"한발","한발",2
"한번더","한번더",2
"한일유앤","한일유앤",2
"한참","한참",2
"할까싶어","할까싶어",2
"할껍니","할껍니",2
"할말","할말",2
"할아버지","할아버지",2
"합당","합당",2
"합의","합의",2
"항상청소","항상청소",2
"해달","해달",2
"해달라","해달라",2
"해지","해지",2
"행운","행운",2
"현상변경허부","현상변경허부",2
"현장답사","현장답사",2
"현제","현제",2
"혈액","혈액",2
"협조","협조",2
"형질","형질",2
"형태","형태",2
"형평성","형평성",2
"호흡기","호흡기",2
"홈프러스","홈프러스",2
"화단","화단",2
"화장실겸세탁실","화장실겸세탁실",2
"화재","화재",2
"화정","화정",2
"화정글샘도서관","화정글샘도서관",2
"활천","활천",2
"활천중학교","활천중학교",2
"회생","회생",2
"회차","회차",2
"훈련","훈련",2
"휘가","휘가",2
"휠체어","휠체어",2
"휴가","휴가",2
"휴지통","휴지통",2
"흉부","흉부",2
"흙먼지","흙먼지",2
"bai","bai",1
"blue","blue",1
"book","book",1
"bu","bu",1
"cnc","cnc",1
"end","end",1
"eu","eu",1
"fta","fta",1
"global","global",1
"gx","gx",1
"hanmail","hanmail",1
"hotmail","hotmail",1
"innovat","innovat",1
"ip","ip",1
"kelli","kelli",1
"kgb","kgb",1
"led달아","led달아",1
"mail","mail",1
"matter","matter",1
"naver","naver",1
"net","net",1
"ning","ning",1
"pe","pe",1
"qm","qm",1
"sehj","sehj",1
"tel","tel",1
"whosher","whosher",1
"yrkim","yrkim",1
"가게문","가게문",1
"가계","가계",1
"가까이","가까이",1
"가둑합니","가둑합니",1
"가락","가락",1
"가마트","가마트",1
"가말","가말",1
"가밑도","가밑도",1
"가세","가세",1
"가셨","가셨",1
"가시","가시",1
"가안됨니","가안됨니",1
"가야대역","가야대역",1
"가야쇼핑","가야쇼핑",1
"가요","가요",1
"가위","가위",1
"가입","가입",1
"가져오다보","가져오다보",1
"가질","가질",1
"가짐","가짐",1
"가타부타","가타부타",1
"각과","각과",1
"각도","각도",1
"각티슈","각티슈",1
"각한건데","각한건데",1
"각한다","각한다",1
"각할수록","각할수록",1
"각했","각했",1
"간과","간과",1
"간섭","간섭",1
"간하","간하",1
"간헐","간헐",1
"간호조무사","간호조무사",1
"갈일","갈일",1
"감가상각","감가상각",1
"감기","감기",1
"감당","감당",1
"감소","감소",1
"갑오주공","갑오주공",1
"갑을","갑을",1
"갔다왔","갔다왔",1
"강력대응","강력대응",1
"강물","강물",1
"강서구","강서구",1
"강서구보호소","강서구보호소",1
"강신화","강신화",1
"강제","강제",1
"강제노동","강제노동",1
"강좌올리","강좌올리",1
"같기도","같기도",1
"같았","같았",1
"같은날","같은날",1
"같은동","같은동",1
"같은뜻","같은뜻",1
"개념","개념",1
"개동","개동",1
"개들까","개들까",1
"개또라","개또라",1
"개방","개방",1
"개선되길","개선되길",1
"개설","개설",1
"개인뽈대세워","개인뽈대세워",1
"개인택시","개인택시",1
"개장","개장",1
"개정안","개정안",1
"개체","개체",1
"개탄","개탄",1
"개판","개판",1
"개판을벌","개판을벌",1
"개편","개편",1
"거가","거가",1
"거동이불편하","거동이불편하",1
"거리제","거리제",1
"거뭇","거뭇",1
"거인","거인",1
"거절","거절",1
"거치","거치",1
"거품","거품",1
"건가","건가",1
"건냈더","건냈더",1
"건너란건가요","건너란건가요",1
"건도","건도",1
"건령","건령",1
"건립","건립",1
"건설공사","건설공사",1
"건설되엇","건설되엇",1
"건설중에있","건설중에있",1
"건승","건승",1
"건축물관리","건축물관리",1
"건축법","건축법",1
"건축설계사무소","건축설계사무소",1
"걸레질","걸레질",1
"검사","검사",1
"검은색","검은색",1
"검진","검진",1
"것이겠","것이겠",1
"게요","게요",1
"게했","게했",1
"겟다","겟다",1
"겨울","겨울",1
"겨울철","겨울철",1
"격고","격고",1
"격무","격무",1
"격양","격양",1
"겪고있","겪고있",1
"겪는곳이있어","겪는곳이있어",1
"겪이","겪이",1
"견종명","견종명",1
"견하","견하",1
"결근","결근",1
"결산","결산",1
"결제","결제",1
"경감","경감",1
"경과","경과",1
"경교","경교",1
"경동","경동",1
"경부","경부",1
"경부고속도로","경부고속도로",1
"경비절감","경비절감",1
"경상수지","경상수지",1
"경성","경성",1
"경운산","경운산",1
"경운중학교","경운중학교",1
"경찰청장","경찰청장",1
"계내정류소","계내정류소",1
"계동","계동",1
"계속보낼께요","계속보낼께요",1
"계수","계수",1
"계신지요","계신지요",1
"계실까봐","계실까봐",1
"계약서","계약서",1
"계절적","계절적",1
"계획도","계획도",1
"계획하","계획하",1
"고객","고객",1
"고급","고급",1
"고기","고기",1
"고깃집앞","고깃집앞",1
"고나","고나",1
"고난","고난",1
"고날까","고날까",1
"고날뻔한적","고날뻔한적",1
"고생","고생",1
"고싶네요","고싶네요",1
"고요","고요",1
"고위관리","고위관리",1
"고위험성","고위험성",1
"고위험초","고위험초",1
"고전","고전",1
"고정","고정",1
"고차량","고차량",1
"골든","골든",1
"골든리트리버","골든리트리버",1
"곰국","곰국",1
"곳곳에있","곳곳에있",1
"공감","공감",1
"공공시설물","공공시설물",1
"공군기지","공군기지",1
"공급","공급",1
"공기좋","공기좋",1
"공단","공단",1
"공동생활","공동생활",1
"공동소유","공동소유",1
"공란으","공란으",1
"공부","공부",1
"공사대금","공사대금",1
"공사비","공사비",1
"공사업자","공사업자",1
"공사업체","공사업체",1
"공사일정","공사일정",1
"공식적","공식적",1
"공용","공용",1
"공원및놀이터","공원및놀이터",1
"공익","공익",1
"공익인데요","공익인데요",1
"공장시설","공장시설",1
"공장을짖","공장을짖",1
"공조","공조",1
"공직자","공직자",1
"공통","공통",1
"공평","공평",1
"공항","공항",1
"공회","공회",1
"과분","과분",1
"과속방지턱설치","과속방지턱설치",1
"과실","과실",1
"과장","과장",1
"과태료내는데","과태료내는데",1
"관계기관","관계기관",1
"관광버스","관광버스",1
"관광사","관광사",1
"관광수입","관광수입",1
"관광안내소","관광안내소",1
"관광지","관광지",1
"관대","관대",1
"관례","관례",1
"관료","관료",1
"관리감독","관리감독",1
"관리대상","관리대상",1
"관리법","관리법",1
"관리주체","관리주체",1
"관찰","관찰",1
"관할관청","관할관청",1
"관해","관해",1
"관활","관활",1
"광고료","광고료",1
"광재마을입구","광재마을입구",1
"광주","광주",1
"광주광역시","광주광역시",1
"괜찬을까요","괜찬을까요",1
"괴리","괴리",1
"굉장히불편","굉장히불편",1
"교문","교문",1
"교육세","교육세",1
"교육청","교육청",1
"교장","교장",1
"교체되는걸","교체되는걸",1
"교통카드","교통카드",1
"교회교육","교회교육",1
"교훈","교훈",1
"교훈삼","교훈삼",1
"구덩이","구덩이",1
"구매할걸","구매할걸",1
"구명","구명",1
"구별","구별",1
"구비서류","구비서류",1
"구산교","구산교",1
"구산로터","구산로터",1
"구상","구상",1
"구성","구성",1
"구시대","구시대",1
"구입","구입",1
"구입을","구입을",1
"구조도","구조도",1
"구청장","구청장",1
"구형","구형",1
"국가적","국가적",1
"국계","국계",1
"국내","국내",1
"국도","국도",1
"국적취득","국적취득",1
"국제통상","국제통상",1
"국토해양부규칙","국토해양부규칙",1
"국회","국회",1
"군부대","군부대",1
"군수","군수",1
"군요","군요",1
"군인","군인",1
"굴사업","굴사업",1
"권고","권고",1
"권익","권익",1
"귀마개","귀마개",1
"귀살","귀살",1
"귀신","귀신",1
"귀와","귀와",1
"귓속말","귓속말",1
"규격","규격",1
"규제","규제",1
"규칙","규칙",1
"균열","균열",1
"균열로","균열로",1
"그곳에버","그곳에버",1
"그기간중","그기간중",1
"그냥나왔","그냥나왔",1
"그뒤","그뒤",1
"그딴식","그딴식",1
"그땐","그땐",1
"그랜져","그랜져",1
"그런","그런",1
"그런대","그런대",1
"그런대우","그런대우",1
"그럴땐","그럴땐",1
"그렇구요","그렇구요",1
"그렇다","그렇다",1
"그렇다손","그렇다손",1
"그렌저","그렌저",1
"그로인해","그로인해",1
"그리설명을했다","그리설명을했다",1
"그많","그많",1
"그분","그분",1
"그앞","그앞",1
"그일대","그일대",1
"그자리","그자리",1
"그지","그지",1
"그흙","그흙",1
"극구","극구",1
"극성","극성",1
"근간","근간",1
"근교","근교",1
"근래","근래",1
"근무자","근무자",1
"근본적","근본적",1
"글쓰기","글쓰기",1
"글쓴이","글쓴이",1
"글을남깁니","글을남깁니",1
"금강","금강",1
"금곡","금곡",1
"금번","금번",1
"금병","금병",1
"금요일","금요일",1
"금의","금의",1
"금일","금일",1
"금치","금치",1
"금현","금현",1
"급도","급도",1
"급사료","급사료",1
"급시","급시",1
"급신","급신",1
"급여","급여",1
"급한일","급한일",1
"긍정적","긍정적",1
"기간지","기간지",1
"기계적","기계적",1
"기고","기고",1
"기는일","기는일",1
"기능","기능",1
"기달려","기달려",1
"기독교","기독교",1
"기라","기라",1
"기로","기로",1
"기반조성","기반조성",1
"기본상식","기본상식",1
"기부","기부",1
"기약","기약",1
"기장","기장",1
"기지","기지",1
"기회","기회",1
"긴거","긴거",1
"긴건아닌데","긴건아닌데",1
"길어","길어",1
"김말수","김말수",1
"김미애","김미애",1
"김한권","김한권",1
"김해시","김해시",1
"깊이","깊이",1
"깍듯","깍듯",1
"꼭좀","꼭좀",1
"꼼작","꼼작",1
"꼼짝","꼼짝",1
"꽁무니","꽁무니",1
"꽂기","꽂기",1
"꽂아","꽂아",1
"꽃으","꽃으",1
"꾸미","꾸미",1
"꾸준히하","꾸준히하",1
"꾸중","꾸중",1
"꿀벌","꿀벌",1
"끌고다니","끌고다니",1
"끝나신다했는데","끝나신다했는데",1
"끝날","끝날",1
"끼어들어","끼어들어",1
"낑낑","낑낑",1
"나갔","나갔",1
"나누기","나누기",1
"나니케익","나니케익",1
"나다니는차들","나다니는차들",1
"나오기","나오기",1
"나오질","나오질",1
"나왔","나왔",1
"나웠","나웠",1
"나의강의신청란","나의강의신청란",1
"나이","나이",1
"난립","난립",1
"난방시설","난방시설",1
"난번","난번",1
"난토요","난토요",1
"난폭","난폭",1
"난후","난후",1
"날도","날도",1
"날마다","날마다",1
"날수","날수",1
"남녀","남녀",1
"남부","남부",1
"남부관광사","남부관광사",1
"남산","남산",1
"남학생","남학생",1
"남해고속도로","남해고속도로",1
"납부한번","납부한번",1
"납부했","납부했",1
"낮잠","낮잠",1
"낮잠도못자","낮잠도못자",1
"내게시판","내게시판",1
"내년초","내년초",1
"내동동원","내동동원",1
"내동초등학교앞","내동초등학교앞",1
"내딪","내딪",1
"내려보내시","내려보내시",1
"내렷다는것","내렷다는것",1
"내렸","내렸",1
"내릴","내릴",1
"내면","내면",1
"내벽","내벽",1
"내보","내보",1
"내비","내비",1
"내삼농공","내삼농공",1
"내삼리","내삼리",1
"내야","내야",1
"내역서","내역서",1
"내주","내주",1
"내지","내지",1
"내쫒았","내쫒았",1
"낼야될때","낼야될때",1
"냉면","냉면",1
"너무강해","너무강해",1
"너무많아","너무많아",1
"너무복잡합니","너무복잡합니",1
"너무복잡해","너무복잡해",1
"너무시끄러운","너무시끄러운",1
"너무힘들겠다싶","너무힘들겠다싶",1
"넉넉","넉넉",1
"널부러져","널부러져",1
"넓여주","넓여주",1
"넘들","넘들",1
"넘보기싫어요","넘보기싫어요",1
"넘어가겠","넘어가겠",1
"넘어졌","넘어졌",1
"넘어질거같","넘어질거같",1
"넘었","넘었",1
"넣는","넣는",1
"넣었","넣었",1
"넣으라","넣으라",1
"넣을수있는걸","넣을수있는걸",1
"네거리","네거리",1
"년됐","년됐",1
"년식","년식",1
"년월","년월",1
"노동법","노동법",1
"노랑","노랑",1
"노래자랑","노래자랑",1
"노루","노루",1
"노릇","노릇",1
"노상적치물","노상적치물",1
"노약자","노약자",1
"노점","노점",1
"노점상으","노점상으",1
"노후","노후",1
"노후화","노후화",1
"녹번기때","녹번기때",1
"놀라기","놀라기",1
"놀란건","놀란건",1
"놀이","놀이",1
"농업","농업",1
"농업진흥","농업진흥",1
"농촌","농촌",1
"농축산과분들","농축산과분들",1
"높습시","높습시",1
"누군줄알","누군줄알",1
"누수","누수",1
"누지","누지",1
"누차","누차",1
"눈높이","눈높이",1
"눈물흘리","눈물흘리",1
"눈살","눈살",1
"눈이따가워","눈이따가워",1
"뉴그린골프","뉴그린골프",1
"뉴스","뉴스",1
"뉴욕메디칼센터","뉴욕메디칼센터",1
"뉴욕메디컬센터","뉴욕메디컬센터",1
"뉴카","뉴카",1
"뉴턴","뉴턴",1
"뉴턴하","뉴턴하",1
"느껴졌","느껴졌",1
"느낌이었","느낌이었",1
"는거같","는거같",1
"는곳","는곳",1
"는데요","는데요",1
"는분들","는분들",1
"늘려줬으면합니","늘려줬으면합니",1
"늘어가는추","늘어가는추",1
"능통","능통",1
"늦잠","늦잠",1
"늬앙스","늬앙스",1
"니중","니중",1
"다급","다급",1
"다녔","다녔",1
"다놓","다놓",1
"다니는거","다니는거",1
"다니는곳","다니는곳",1
"다들어오는데","다들어오는데",1
"다량으","다량으",1
"다르다는걸","다르다는걸",1
"다면","다면",1
"다방면","다방면",1
"다상차","다상차",1
"다세대주택","다세대주택",1
"다스","다스",1
"다자녀","다자녀",1
"다치실거","다치실거",1
"단독","단독",1
"단속좀해","단속좀해",1
"단속한번해주","단속한번해주",1
"단수","단수",1
"단수로","단수로",1
"단행","단행",1
"달무리","달무리",1
"달아불법행위","달아불법행위",1
"달여","달여",1
"담배불붙어","담배불붙어",1
"담배판매","담배판매",1
"담벼락","담벼락",1
"담안리","담안리",1
"담옆","담옆",1
"담은","담은",1
"답글","답글",1
"답사","답사",1
"당곡","당곡",1
"당담자","당담자",1
"당사자","당사자",1
"당아파트","당아파트",1
"당연시","당연시",1
"당할위험","당할위험",1
"당혹","당혹",1
"당혹스럽","당혹스럽",1
"대건아파트","대건아파트",1
"대광선재","대광선재",1
"대규모","대규모",1
"대기오염물질","대기오염물질",1
"대기하는건","대기하는건",1
"대단","대단",1
"대대적","대대적",1
"대도시","대도시",1
"대략","대략",1
"대량","대량",1
"대로변","대로변",1
"대문짝만한","대문짝만한",1
"대방","대방",1
"대변","대변",1
"대보험","대보험",1
"대비","대비",1
"대상자","대상자",1
"대어서차량","대어서차량",1
"대우","대우",1
"대원","대원",1
"대응","대응",1
"대지경계선","대지경계선",1
"대처","대처",1
"대표","대표",1
"대학","대학",1
"대형주","대형주",1
"대형특럭","대형특럭",1
"대형화","대형화",1
"더러운건","더러운건",1
"더럽","더럽",1
"더미","더미",1
"더샵","더샵",1
"더우스운건","더우스운건",1
"더운날씨","더운날씨",1
"더큰","더큰",1
"덕숭공","덕숭공",1
"덕암리","덕암리",1
"덜컹덜컹","덜컹덜컹",1
"덤치","덤치",1
"덤프","덤프",1
"덩치","덩치",1
"데리러오는","데리러오는",1
"데크","데크",1
"도는곳","도는곳",1
"도둑질","도둑질",1
"도로명","도로명",1
"도로수","도로수",1
"도로포장","도로포장",1
"도로확장","도로확장",1
"도록","도록",1
"도르","도르",1
"도리","도리",1
"도망","도망",1
"도시계획","도시계획",1
"도태","도태",1
"도하","도하",1
"도해","도해",1
"독단적","독단적",1
"독립기구","독립기구",1
"돈때","돈때",1
"돈으","돈으",1
"돈을벌기위해","돈을벌기위해",1
"돈을줘","돈을줘",1
"돈향돈","돈향돈",1
"돌려달랬","돌려달랬",1
"돌보기","돌보기",1
"돌연","돌연",1
"돌출","돌출",1
"돌출물","돌출물",1
"돌튀","돌튀",1
"동구","동구",1
"동남아외노자들","동남아외노자들",1
"동네길","동네길",1
"동년","동년",1
"동래","동래",1
"동료","동료",1
"동물과","동물과",1
"동물학대","동물학대",1
"동서","동서",1
"동서대","동서대",1
"동성애","동성애",1
"동원로얄듀크","동원로얄듀크",1
"동전","동전",1
"동주","동주",1
"동쪽","동쪽",1
"동화구연","동화구연",1
"돼있","돼있",1
"되겠","되겠",1
"되고있","되고있",1
"되긴","되긴",1
"되도록","되도록",1
"되야되","되야되",1
"되엇","되엇",1
"되있는데","되있는데",1
"되지않","되지않",1
"되하","되하",1
"된글","된글",1
"두건","두건",1
"두군데","두군데",1
"두루마리","두루마리",1
"두말","두말",1
"두번다시","두번다시",1
"두통","두통",1
"뒤길","뒤길",1
"뒷마당","뒷마당",1
"뒷문","뒷문",1
"뒷자리","뒷자리",1
"뒷전","뒷전",1
"뒷차","뒷차",1
"드려야할지몰","드려야할지몰",1
"드렸구요","드렸구요",1
"드리곘","드리곘",1
"드린거","드린거",1
"드린점","드린점",1
"드릴게요","드릴게요",1
"드릴려","드릴려",1
"듣고싶","듣고싶",1
"들고올땐","들고올땐",1
"들보","들보",1
"들어갔구요","들어갔구요",1
"들어오는길","들어오는길",1
"듯합니","듯합니",1
"등산복","등산복",1
"등산화","등산화",1
"등하교","등하교",1
"등하원시","등하원시",1
"등화","등화",1
"따끔","따끔",1
"따름","따름",1
"딱풀","딱풀",1
"딴곳","딴곳",1
"땅소유","땅소유",1
"땅소유주","땅소유주",1
"떼거지","떼거지",1
"떼러왔다","떼러왔다",1
"뛰어갔","뛰어갔",1
"뜨란채사거","뜨란채사거",1
"라져","라져",1
"라져있","라져있",1
"라졌던","라졌던",1
"랑해","랑해",1
"랜드마크","랜드마크",1
"레이저","레이저",1
"레이져","레이져",1
"렉스턴","렉스턴",1
"렉카","렉카",1
"려삼계탕","려삼계탕",1
"렸는데","렸는데",1
"로마트","로마트",1
"로봇","로봇",1
"롯대마트","롯대마트",1
"롯데리아사거","롯데리아사거",1
"롯데먀트","롯데먀트",1
"롯데백화점","롯데백화점",1
"롯데슈퍼","롯데슈퍼",1
"료되","료되",1
"료됩니","료됩니",1
"료들","료들",1
"료마져","료마져",1
"르노","르노",1
"를못합니","를못합니",1
"를하","를하",1
"리겠","리겠",1
"리고있는도중","리고있는도중",1
"리그오브레전드","리그오브레전드",1
"리라","리라",1
"리스트","리스트",1
"리트리버","리트리버",1
"린나","린나",1
"린나이제품","린나이제품",1
"릴빠","릴빠",1
"립니","립니",1
"마감","마감",1
"마대","마대",1
"마비","마비",1
"마사","마사",1
"마산합포","마산합포",1
"마신","마신",1
"마웠","마웠",1
"마을입구","마을입구",1
"마이크로미터","마이크로미터",1
"마찰","마찰",1
"마찰계수","마찰계수",1
"마트내","마트내",1
"마트앞","마트앞",1
"막고있","막고있",1
"막기위했다","막기위했다",1
"막는다","막는다",1
"막말","막말",1
"막버리","막버리",1
"막아놓았","막아놓았",1
"막았","막았",1
"막자","막자",1
"만남","만남",1
"만들어놔","만들어놔",1
"만들어달","만들어달",1
"만연","만연",1
"만원받","만원받",1
"만전","만전",1
"만족","만족",1
"많아졌","많아졌",1
"많았","많았",1
"많으시겠","많으시겠",1
"많은거","많은거",1
"많이근절되","많이근절되",1
"많이나","많이나",1
"많이되","많이되",1
"많이들","많이들",1
"많이받아요","많이받아요",1
"말그","말그",1
"말란건가요","말란건가요",1
"말슴드","말슴드",1
"말을","말을",1
"말을끊어","말을끊어",1
"말을해","말을해",1
"말을했","말을했",1
"말이달라","말이달라",1
"말이었","말이었",1
"말인지요","말인지요",1
"말투였","말투였",1
"말티즈","말티즈",1
"말하기","말하기",1
"말할기회","말할기회",1
"말했","말했",1
"망률","망률",1
"맞는단속","맞는단속",1
"매달","매달",1
"매여있","매여있",1
"매일매일","매일매일",1
"맥주","맥주",1
"맨션","맨션",1
"맹인","맹인",1
"머리","머리",1
"먹을","먹을",1
"먹칠","먹칠",1
"먼거리","먼거리",1
"먼길","먼길",1
"먼저니깐요","먼저니깐요",1
"멀쩡","멀쩡",1
"멀티","멀티",1
"멋데","멋데",1
"메디컬센타","메디컬센타",1
"메모","메모",1
"메세지","메세지",1
"멘티","멘티",1
"멘티신청돼","멘티신청돼",1
"며칠씩","며칠씩",1
"면담","면담",1
"면허","면허",1
"명가","명가",1
"명경시","명경시",1
"명문교","명문교",1
"명시","명시",1
"명지세인트빌","명지세인트빌",1
"명진파크뷰주","명진파크뷰주",1
"몇달","몇달",1
"몇번했는데","몇번했는데",1
"몇분지나","몇분지나",1
"몇차례라","몇차례라",1
"몇퍼센트","몇퍼센트",1
"모든일","모든일",1
"모르","모르",1
"모른","모른",1
"모아빌라","모아빌라",1
"모자","모자",1
"모쪼록","모쪼록",1
"모카테크","모카테크",1
"모호","모호",1
"모후보","모후보",1
"목사","목사",1
"목숨","목숨",1
"목여","목여",1
"목재","목재",1
"목재파쇄공장","목재파쇄공장",1
"목줄도하","목줄도하",1
"목줄을","목줄을",1
"목줄을하","목줄을하",1
"몰빵데","몰빵데",1
"몰상식","몰상식",1
"몰아","몰아",1
"몰염치","몰염치",1
"몸도아픈데","몸도아픈데",1
"몸상태","몸상태",1
"못갈것","못갈것",1
"못들어오는줄","못들어오는줄",1
"못들어온다","못들어온다",1
"못본","못본",1
"못볼꼴많","못볼꼴많",1
"못봣","못봣",1
"못빠져나갈","못빠져나갈",1
"못움직","못움직",1
"못이","못이",1
"못읽는것","못읽는것",1
"못자","못자",1
"못잡니","못잡니",1
"못지나가","못지나가",1
"못참겠","못참겠",1
"못태우","못태우",1
"못하는건","못하는건",1
"무개념","무개념",1
"무계","무계",1
"무계포스코","무계포스코",1
"무너지고쓸려가","무너지고쓸려가",1
"무능","무능",1
"무선사","무선사",1
"무성의","무성의",1
"무식","무식",1
"무쏘","무쏘",1
"무역학","무역학",1
"무용","무용",1
"무응답이었","무응답이었",1
"무작정","무작정",1
"무접마을","무접마을",1
"무접삼거리","무접삼거리",1
"무차별","무차별",1
"문도","문도",1
"문서상","문서상",1
"문젭니","문젭니",1
"문화센터","문화센터",1
"문화행사","문화행사",1
"묻고싶","묻고싶",1
"묻는일","묻는일",1
"묻어놓앗","묻어놓앗",1
"물리","물리",1
"물리뻔해","물리뻔해",1
"물을많이놓아","물을많이놓아",1
"물적","물적",1
"물티슈","물티슈",1
"물휴지","물휴지",1
"미가","미가",1
"미국","미국",1
"미달","미달",1
"미라","미라",1
"미루","미루",1
"미모","미모",1
"미부착","미부착",1
"미실시","미실시",1
"미연","미연",1
"미온적","미온적",1
"미용업소","미용업소",1
"미점","미점",1
"미주","미주",1
"미혼모","미혼모",1
"미화원","미화원",1
"믹서기","믹서기",1
"민간","민간",1
"민간사업자","민간사업자",1
"민간인","민간인",1
"민들레","민들레",1
"민주주의","민주주의",1
"민폐","민폐",1
"밀양방향","밀양방향",1
"밑집","밑집",1
"바궈달라","바궈달라",1
"바깥","바깥",1
"바꿔달","바꿔달",1
"바뀌었","바뀌었",1
"바뀐거","바뀐거",1
"바뀐뒤","바뀐뒤",1
"바늘으","바늘으",1
"바램","바램",1
"바쁘겠","바쁘겠",1
"바쁜일","바쁜일",1
"바쁨니까","바쁨니까",1
"바위","바위",1
"바이","바이",1
"바이오","바이오",1
"바탕","바탕",1
"박공","박공",1
"박공원","박공원",1
"박석","박석",1
"박순연","박순연",1
"박순연씨","박순연씨",1
"반경","반경",1
"반굴곡현상","반굴곡현상",1
"반대","반대",1
"반려","반려",1
"반면","반면",1
"반영","반영",1
"반이","반이",1
"반쯤","반쯤",1
"반차","반차",1
"반차쓰","반차쓰",1
"받긴했","받긴했",1
"받는곳","받는곳",1
"받아가시겠","받아가시겠",1
"받았던거","받았던거",1
"받으면서말","받으면서말",1
"받은거","받은거",1
"받을거","받을거",1
"발생","발생",1
"발판","발판",1
"발한","발한",1
"밝기","밝기",1
"밝은색","밝은색",1
"밝혀졌","밝혀졌",1
"밤사","밤사",1
"밤샘","밤샘",1
"밤에일을해","밤에일을해",1
"밤에잠도못자","밤에잠도못자",1
"밤에주차한차","밤에주차한차",1
"밥주","밥주",1
"방가","방가",1
"방관","방관",1
"방송이","방송이",1
"방지해달","방지해달",1
"방치된거본거","방치된거본거",1
"방해가되","방해가되",1
"방해되지안는곳","방해되지안는곳",1
"방해를받지않","방해를받지않",1
"배변","배변",1
"배상","배상",1
"배설물","배설물",1
"배수로","배수로",1
"배전반","배전반",1
"배제","배제",1
"배째란식","배째란식",1
"배치","배치",1
"백년","백년",1
"백승준","백승준",1
"백조","백조",1
"백화점이","백화점이",1
"뱃속","뱃속",1
"뱉고참","뱉고참",1
"버려져있","버려져있",1
"버스기사","버스기사",1
"버스베이","버스베이",1
"버스정류소","버스정류소",1
"버스차고지","버스차고지",1
"버스터미널","버스터미널",1
"번거","번거",1
"번거로우시겠","번거로우시겠",1
"번거롭","번거롭",1
"번이없어지","번이없어지",1
"번항","번항",1
"벌금을부과하는","벌금을부과하는",1
"벌어졌","벌어졌",1
"벌이","벌이",1
"벌점및","벌점및",1
"범퍼","범퍼",1
"법의","법의",1
"법적대응","법적대응",1
"법제","법제",1
"벗어난곳","벗어난곳",1
"베트남인","베트남인",1
"벼슬자리","벼슬자리",1
"벽보및","벽보및",1
"변경되어있","변경되어있",1
"변명","변명",1
"변모","변모",1
"변형","변형",1
"병동","병동",1
"병무","병무",1
"병역","병역",1
"보건","보건",1
"보건기구","보건기구",1
"보내드리겟","보내드리겟",1
"보니깐","보니깐",1
"보도블록","보도블록",1
"보시는거","보시는거",1
"보안","보안",1
"보안등","보안등",1
"보여주면된다","보여주면된다",1
"보였","보였",1
"보유","보유",1
"보일러","보일러",1
"보장","보장",1
"보해시","보해시",1
"보행자도많은데","보행자도많은데",1
"보행자통행","보행자통행",1
"보호구역","보호구역",1
"보호받","보호받",1
"복구","복구",1
"복지","복지",1
"본격적으","본격적으",1
"본래","본래",1
"본문","본문",1
"본적","본적",1
"봄날","봄날",1
"봅니다방범","봅니다방범",1
"봉황동유적","봉황동유적",1
"봤구요","봤구요",1
"봤다고쳐","봤다고쳐",1
"부가","부가",1
"부가세","부가세",1
"부경관광","부경관광",1
"부곡","부곡",1
"부과하는건","부과하는건",1
"부과하는일","부과하는일",1
"부단","부단",1
"부담시키는는것","부담시키는는것",1
"부법주차","부법주차",1
"부부싸움","부부싸움",1
"부분인가","부분인가",1
"부분적","부분적",1
"부산강서구","부산강서구",1
"부산대학교","부산대학교",1
"부산시","부산시",1
"부수","부수",1
"부스","부스",1
"부아","부아",1
"부영e그","부영e그",1
"부영아파드","부영아파드",1
"부운동","부운동",1
"부원동새벽","부원동새벽",1
"부인","부인",1
"부장님","부장님",1
"부적","부적",1
"부직포","부직포",1
"부하","부하",1
"부화","부화",1
"분과","분과",1
"분량","분량",1
"분리","분리",1
"분쇄","분쇄",1
"분쇄하는과정","분쇄하는과정",1
"분위","분위",1
"분제","분제",1
"분진","분진",1
"분진이날려","분진이날려",1
"분한","분한",1
"불건전","불건전",1
"불러봤","불러봤",1
"불벅주차","불벅주차",1
"불법건축","불법건축",1
"불법쓰레기","불법쓰레기",1
"불법아닌가요","불법아닌가요",1
"불법인거","불법인거",1
"불법주정차단속","불법주정차단속",1
"불법튜닝","불법튜닝",1
"불보","불보",1
"불숙","불숙",1
"불이행","불이행",1
"불체자","불체자",1
"불편겪","불편겪",1
"불편한점도많","불편한점도많",1
"불평","불평",1
"불확보","불확보",1
"붉은색","붉은색",1
"붕어","붕어",1
"붙여넣기식","붙여넣기식",1
"붙여놨더","붙여놨더",1
"붙였","붙였",1
"붙으니깐","붙으니깐",1
"브라운","브라운",1
"블랙홀","블랙홀",1
"블럭","블럭",1
"블로그","블로그",1
"블편합니","블편합니",1
"비가와","비가와",1
"비교","비교",1
"비도","비도",1
"비밀리","비밀리",1
"비밀번호","비밀번호",1
"비번","비번",1
"비산먼지","비산먼지",1
"비상식","비상식",1
"비서실","비서실",1
"비슷한일","비슷한일",1
"비아냥","비아냥",1
"비오는날","비오는날",1
"비위생","비위생",1
"비정상적","비정상적",1
"비젼","비젼",1
"비행","비행",1
"빗길","빗길",1
"빙둘러와","빙둘러와",1
"빛공해","빛공해",1
"빠르것","빠르것",1
"빠르기","빠르기",1
"빠른보수","빠른보수",1
"빠졌","빠졌",1
"빨간불","빨간불",1
"빨리달리","빨리달리",1
"빨리한느","빨리한느",1
"뼈빠지","뼈빠지",1
"뽁뽁","뽁뽁",1
"뽈대","뽈대",1
"뽑았","뽑았",1
"뿐만아","뿐만아",1
"사고가","사고가",1
"사고발생","사고발생",1
"사무소","사무소",1
"사안","사안",1
"사업","사업",1
"사업성","사업성",1
"사자","사자",1
"사회","사회",1
"산만","산만",1
"산업","산업",1
"산채","산채",1
"살기","살기",1
"살수가없","살수가없",1
"살이나되","살이나되",1
"살집","살집",1
"살해사","살해사",1
"살해사건","살해사건",1
"삼매경","삼매경",1
"삼안동","삼안동",1
"삼중","삼중",1
"상관성","상관성",1
"상관이냐","상관이냐",1
"상단","상단",1
"상담사","상담사",1
"상대","상대",1
"상대방","상대방",1
"상동ic","상동ic",1
"상부","상부",1
"상상","상상",1
"상수도","상수도",1
"상위","상위",1
"상의","상의",1
"상이","상이",1
"상차해놓","상차해놓",1
"상처","상처",1
"상쾌","상쾌",1
"상한","상한",1
"상행위","상행위",1
"새건물","새건물",1
"새끼","새끼",1
"새댁","새댁",1
"새들문화센타","새들문화센타",1
"색깔","색깔",1
"색종이","색종이",1
"샌드","샌드",1
"생명","생명",1
"생시켜","생시켜",1
"생해","생해",1
"생했","생했",1
"서경락","서경락",1
"서계신다는거","서계신다는거",1
"서다","서다",1
"서로간","서로간",1
"서론","서론",1
"서비직","서비직",1
"서울시","서울시",1
"서행하","서행하",1
"서희아파트","서희아파트",1
"석봉","석봉",1
"석봉초","석봉초",1
"선가","선가",1
"선거관리","선거관리",1
"선거구","선거구",1
"선관위","선관위",1
"선구","선구",1
"선박","선박",1
"선반","선반",1
"선봉","선봉",1
"선우갈비","선우갈비",1
"선유","선유",1
"선장","선장",1
"선정및","선정및",1
"선정할려","선정할려",1
"선지출","선지출",1
"설립","설립",1
"설립승인","설립승인",1
"설문조사","설문조사",1
"설비","설비",1
"설상가상","설상가상",1
"설창사거","설창사거",1
"설치시","설치시",1
"성관계","성관계",1
"성매","성매",1
"성매매","성매매",1
"성장","성장",1
"세가","세가",1
"세금징수","세금징수",1
"세대원","세대원",1
"세레","세레",1
"세멘으","세멘으",1
"세무","세무",1
"세미","세미",1
"세밀","세밀",1
"세븐일레븐","세븐일레븐",1
"세영리첼","세영리첼",1
"세워달","세워달",1
"센텀","센텀",1
"센텀프라","센텀프라",1
"셀프","셀프",1
"소각을합니","소각을합니",1
"소각장","소각장",1
"소규모","소규모",1
"소동","소동",1
"소리가나","소리가나",1
"소명","소명",1
"소명자료","소명자료",1
"소문","소문",1
"소바우","소바우",1
"소방차","소방차",1
"소변검사","소변검사",1
"소비","소비",1
"소속","소속",1
"소송","소송",1
"소액","소액",1
"소용","소용",1
"소용없","소용없",1
"소용이","소용이",1
"소장님","소장님",1
"소재지","소재지",1
"소탕작전","소탕작전",1
"소통","소통",1
"소화","소화",1
"소환","소환",1
"속눈썹","속눈썹",1
"속닥속닥","속닥속닥",1
"속담","속담",1
"속력","속력",1
"속상","속상",1
"손녀","손녀",1
"손바달","손바달",1
"손세정제","손세정제",1
"손수건","손수건",1
"손실","손실",1
"손톱","손톱",1
"송등으","송등으",1
"송월타월방향","송월타월방향",1
"쇳가루","쇳가루",1
"쇼바","쇼바",1
"쇼핑","쇼핑",1
"수강","수강",1
"수강신청","수강신청",1
"수고많","수고많",1
"수남중학교","수남중학교",1
"수년전","수년전",1
"수당","수당",1
"수도시설","수도시설",1
"수도없구요","수도없구요",1
"수령","수령",1
"수록","수록",1
"수면장애가와","수면장애가와",1
"수미네뒷고기앞","수미네뒷고기앞",1
"수선충당금으","수선충당금으",1
"수성구","수성구",1
"수수료","수수료",1
"수습","수습",1
"수압","수압",1
"수의사","수의사",1
"수일","수일",1
"수입차","수입차",1
"수차","수차",1
"수필가","수필가",1
"숙박","숙박",1
"순찰차","순찰차",1
"술부","술부",1
"숨기기위해","숨기기위해",1
"쉬는곳","쉬는곳",1
"쉬울거같","쉬울거같",1
"쉬울테","쉬울테",1
"쉴세","쉴세",1
"쉼터","쉼터",1
"스럽기만합니","스럽기만합니",1
"스마트","스마트",1
"스케줄","스케줄",1
"스쿨룩스","스쿨룩스",1
"스크린","스크린",1
"스트래스","스트래스",1
"스파크","스파크",1
"스포츠","스포츠",1
"스포티지","스포티지",1
"스피츠","스피츠",1
"슬라이딩","슬라이딩",1
"습득","습득",1
"승지","승지",1
"시겠","시겠",1
"시고","시고",1
"시골","시골",1
"시공","시공",1
"시공업체","시공업체",1
"시공자","시공자",1
"시구","시구",1
"시군","시군",1
"시금관","시금관",1
"시내","시내",1
"시네마","시네마",1
"시다","시다",1
"시달려야했","시달려야했",1
"시멘트","시멘트",1
"시멘트공장","시멘트공장",1
"시보건소","시보건소",1
"시비가","시비가",1
"시서","시서",1
"시선","시선",1
"시술받았","시술받았",1
"시시","시시",1
"시안","시안",1
"시연빌","시연빌",1
"시영아파트","시영아파트",1
"시외버스터미널","시외버스터미널",1
"시원","시원",1
"시율하동","시율하동",1
"시켰","시켰",1
"시험","시험",1
"식대","식대",1
"식별","식별",1
"식용","식용",1
"식의","식의",1
"신경끄라그러","신경끄라그러",1
"신라대행","신라대행",1
"신라슈퍼","신라슈퍼",1
"신뢰","신뢰",1
"신상정보","신상정보",1
"신용","신용",1
"신차","신차",1
"신청절차","신청절차",1
"신청했","신청했",1
"신촌들어오느길","신촌들어오느길",1
"신축건물이구요","신축건물이구요",1
"신축공사","신축공사",1
"신학기","신학기",1
"신호기","신호기",1
"신호등및","신호등및",1
"신혼부부","신혼부부",1
"실과","실과",1
"실관","실관",1
"실까봐","실까봐",1
"실내","실내",1
"실망감","실망감",1
"실분들","실분들",1
"실사","실사",1
"실선두줄","실선두줄",1
"실수인데요","실수인데요",1
"실종사건","실종사건",1
"실증적","실증적",1
"심각성","심각성",1
"심방","심방",1
"심야","심야",1
"십자가","십자가",1
"싸우기도","싸우기도",1
"싸움","싸움",1
"쌍방향","쌍방향",1
"쌍용스윗닷홈","쌍용스윗닷홈",1
"쌍용예","쌍용예",1
"쌍용예가앞","쌍용예가앞",1
"쌩쌩","쌩쌩",1
"써도되는지","써도되는지",1
"쏘아","쏘아",1
"쓰레기량","쓰레기량",1
"쓰레기를버리","쓰레기를버리",1
"쓰레기장","쓰레기장",1
"쓰레기투척하","쓰레기투척하",1
"쓰지않는곳","쓰지않는곳",1
"쓰트레스","쓰트레스",1
"씨티투","씨티투",1
"아까","아까",1
"아깝","아깝",1
"아니","아니",1
"아니였","아니였",1
"아니채","아니채",1
"아닌걸","아닌걸",1
"아닌것으","아닌것으",1
"아동","아동",1
"아들","아들",1
"아뜰리","아뜰리",1
"아랑곳","아랑곳",1
"아랫","아랫",1
"아름드리","아름드리",1
"아마츄어","아마츄어",1
"아무게","아무게",1
"아무데도","아무데도",1
"아무때","아무때",1
"아무일","아무일",1
"아반떼","아반떼",1
"아쉽","아쉽",1
"아저씨","아저씨",1
"아주건강한","아주건강한",1
"아주잘먹","아주잘먹",1
"아찔","아찔",1
"아침이른","아침이른",1
"아침저녁","아침저녁",1
"아쿠아상가건물","아쿠아상가건물",1
"아파트건물","아파트건물",1
"아파트앞도로","아파트앞도로",1
"아픔","아픔",1
"악던","악던",1
"악영향","악영향",1
"악화","악화",1
"안건","안건",1
"안경","안경",1
"안경점","안경점",1
"안나오","안나오",1
"안나온","안나온",1
"안내표","안내표",1
"안내표지판","안내표지판",1
"안다니는곳","안다니는곳",1
"안대","안대",1
"안동공단","안동공단",1
"안되","안되",1
"안되는소","안되는소",1
"안되시는거","안되시는거",1
"안된다","안된다",1
"안될뿐더","안될뿐더",1
"안될시","안될시",1
"안들리","안들리",1
"안들어간다","안들어간다",1
"안들어와","안들어와",1
"안락사도아닌","안락사도아닌",1
"안보였","안보였",1
"안보인다하","안보인다하",1
"안봅니","안봅니",1
"안봐","안봐",1
"안올때","안올때",1
"안위","안위",1
"안이","안이",1
"안읽어보","안읽어보",1
"안적혀","안적혀",1
"안전망","안전망",1
"안전사라는데","안전사라는데",1
"안전운행","안전운행",1
"안좋","안좋",1
"안좋네요","안좋네요",1
"안좋았","안좋았",1
"안주","안주",1
"안준답니","안준답니",1
"안지켜진다","안지켜진다",1
"안챙겨","안챙겨",1
"안켜지","안켜지",1
"안키","안키",1
"안타까워들","안타까워들",1
"안태웠다는둥","안태웠다는둥",1
"안테나","안테나",1
"안통하","안통하",1
"안평마을인데요","안평마을인데요",1
"안하던데요","안하던데요",1
"앉아","앉아",1
"않내요","않내요",1
"않는다는건","않는다는건",1
"않는다는걸","않는다는걸",1
"않았을거","않았을거",1
"않은것으","않은것으",1
"않을거","않을거",1
"않잖","않잖",1
"않좋","않좋",1
"않합니","않합니",1
"알거","알거",1
"알겠","알겠",1
"알고있습니","알고있습니",1
"알기론","알기론",1
"알려달라","알려달라",1
"알앗는데","알앗는데",1
"암물","암물",1
"암상","암상",1
"암상차하","암상차하",1
"암석","암석",1
"압박","압박",1
"앞면","앞면",1
"앞이다보","앞이다보",1
"앞장","앞장",1
"앞전","앞전",1
"앞쪽에는못찍었","앞쪽에는못찍었",1
"앞차","앞차",1
"애기데","애기데",1
"애매","애매",1
"애시당초","애시당초",1
"애용","애용",1
"애인","애인",1
"액산탱크","액산탱크",1
"앱으","앱으",1
"야간에하는데","야간에하는데",1
"야구하","야구하",1
"야구했","야구했",1
"야되는거","야되는거",1
"야산","야산",1
"야합니까","야합니까",1
"약국","약국",1
"약수산장을지","약수산장을지",1
"약해","약해",1
"얌채주차","얌채주차",1
"얌체","얌체",1
"양도소득세","양도소득세",1
"양반","양반",1
"양산ic","양산ic",1
"양생","양생",1
"양식","양식",1
"양쪽다","양쪽다",1
"양해해달","양해해달",1
"양호","양호",1
"어기","어기",1
"어느주택","어느주택",1
"어두운밤","어두운밤",1
"어둡","어둡",1
"어떻한","어떻한",1
"어려운곳","어려운곳",1
"어린이보호","어린이보호",1
"어머니뻘","어머니뻘",1
"어방","어방",1
"어방동원아파트","어방동원아파트",1
"어방초등학교","어방초등학교",1
"어젯밤","어젯밤",1
"어중간","어중간",1
"어지간","어지간",1
"어쩌냐","어쩌냐",1
"억장","억장",1
"언성","언성",1
"얼굴","얼굴",1
"얼굴인상을보","얼굴인상을보",1
"엄마잃","엄마잃",1
"엄연","엄연",1
"엄히","엄히",1
"업계","업계",1
"업무과","업무과",1
"업무추진비","업무추진비",1
"없겠","없겠",1
"없긴","없긴",1
"없는가봐요","없는가봐요",1
"없는거","없는거",1
"없는관계","없는관계",1
"없는차량","없는차량",1
"없다는","없다는",1
"없도","없도",1
"없으셨","없으셨",1
"없을시","없을시",1
"었는지","었는지",1
"었으","었으",1
"엎집마당","엎집마당",1
"에전","에전",1
"엑센트","엑센트",1
"여가활동","여가활동",1
"여권","여권",1
"여년","여년",1
"여름장마","여름장마",1
"여분","여분",1
"여세","여세",1
"여수","여수",1
"여유","여유",1
"여자","여자",1
"여자중학교","여자중학교",1
"여쭐","여쭐",1
"여쭤봤","여쭤봤",1
"여통","여통",1
"여튼","여튼",1
"여평","여평",1
"여행","여행",1
"여행사","여행사",1
"여행지","여행지",1
"역관","역관",1
"역내","역내",1
"역보","역보",1
"역적","역적",1
"역주택조합","역주택조합",1
"연가","연가",1
"연결부위","연결부위",1
"연구","연구",1
"연구결과","연구결과",1
"연대","연대",1
"연령","연령",1
"연속적","연속적",1
"연운행","연운행",1
"연유","연유",1
"연체","연체",1
"연초","연초",1
"열거","열거",1
"열어놔야하는데","열어놔야하는데",1
"염소","염소",1
"였는지","였는지",1
"였으","였으",1
"영리","영리",1
"영문","영문",1
"영상올리겠","영상올리겠",1
"영업하는거","영업하는거",1
"영유","영유",1
"영주권","영주권",1
"옆골목","옆골목",1
"옆길","옆길",1
"옆으","옆으",1
"예그린유치원","예그린유치원",1
"예그린유치원앞","예그린유치원앞",1
"예비군훈련","예비군훈련",1
"예쁜","예쁜",1
"예사","예사",1
"예정이오","예정이오",1
"옛날","옛날",1
"오니","오니",1
"오더","오더",1
"오데","오데",1
"오랫","오랫",1
"오류","오류",1
"오리엔테이션","오리엔테이션",1
"오물","오물",1
"오세","오세",1
"오수","오수",1
"오염방지","오염방지",1
"오외경","오외경",1
"오용혁","오용혁",1
"오즈산부인","오즈산부인",1
"오픈했","오픈했",1
"오해","오해",1
"오해및","오해및",1
"옥상슁글철거","옥상슁글철거",1
"옥정프라","옥정프라",1
"옥죄","옥죄",1
"옥탑방","옥탑방",1
"온돌시설","온돌시설",1
"온동네","온동네",1
"온동네나","온동네나",1
"온전","온전",1
"온통","온통",1
"올라갔","올라갔",1
"올라오는길","올라오는길",1
"올랐","올랐",1
"올렸을거","올렸을거",1
"올리오","올리오",1
"올린거","올린거",1
"올린글","올린글",1
"올해초","올해초",1
"옮겼","옮겼",1
"옵기","옵기",1
"옹벽","옹벽",1
"와서는담배","와서는담배",1
"와선","와선",1
"왔내","왔내",1
"왔는데교육청","왔는데교육청",1
"왕궁","왕궁",1
"왕래","왕래",1
"왜그러냐","왜그러냐",1
"왜소","왜소",1
"왜이러","왜이러",1
"왜이렇","왜이렇",1
"왜하필","왜하필",1
"왠걸","왠걸",1
"외국","외국",1
"외동한국","외동한국",1
"외벽","외벽",1
"외제","외제",1
"요가","요가",1
"요쿠르트","요쿠르트",1
"요키아","요키아",1
"욕먹긴싫","욕먹긴싫",1
"욕은","욕은",1
"용곡마","용곡마",1
"용내역","용내역",1
"용덕","용덕",1
"용도변경","용도변경",1
"용동의서","용동의서",1
"용수익할","용수익할",1
"용의","용의",1
"용이성","용이성",1
"용하고있","용하고있",1
"우계리소재","우계리소재",1
"우동","우동",1
"우레탄","우레탄",1
"우물판다","우물판다",1
"우셧네요","우셧네요",1
"우수","우수",1
"우습나봅니","우습나봅니",1
"우신아파트","우신아파트",1
"우천시","우천시",1
"우체국","우체국",1
"우편","우편",1
"운동기구","운동기구",1
"운동장","운동장",1
"운송","운송",1
"운용","운용",1
"운전기사","운전기사",1
"운전석","운전석",1
"운행이나관리","운행이나관리",1
"울려퍼져","울려퍼져",1
"울산방향","울산방향",1
"울트라","울트라",1
"움푹파인부분","움푹파인부분",1
"워져","워져",1
"워준다","워준다",1
"워킹","워킹",1
"원금","원금",1
"원당식당","원당식당",1
"원만","원만",1
"원의","원의",1
"원형","원형",1
"원회","원회",1
"월경","월경",1
"월회","월회",1
"웡요일","웡요일",1
"위구","위구",1
"위법","위법",1
"위생과","위생과",1
"위에있잖아요","위에있잖아요",1
"위원","위원",1
"위태","위태",1
"위험요소가있","위험요소가있",1
"위험천만","위험천만",1
"윗도","윗도",1
"유가","유가",1
"유독짧","유독짧",1
"유동인구","유동인구",1
"유럽산","유럽산",1
"유압헤머","유압헤머",1
"유용","유용",1
"유치원","유치원",1
"유턴구간","유턴구간",1
"유턴을해","유턴을해",1
"유포","유포",1
"유학생","유학생",1
"유해업소","유해업소",1
"육교","육교",1
"육성","육성",1
"율곡마을","율곡마을",1
"율하고등학교","율하고등학교",1
"율하공","율하공",1
"율하카페","율하카페",1
"은놀","은놀",1
"은은","은은",1
"은폐","은폐",1
"을찍어","을찍어",1
"을해","을해",1
"음모","음모",1
"음모가","음모가",1
"음성","음성",1
"음악소리","음악소리",1
"음침","음침",1
"응징","응징",1
"의도","의도",1
"의료","의료",1
"의무적","의무적",1
"의약","의약",1
"의전","의전",1
"의정","의정",1
"의정부시","의정부시",1
"의존","의존",1
"이거","이거",1
"이게타당한가요","이게타당한가요",1
"이격","이격",1
"이관","이관",1
"이그","이그",1
"이기","이기",1
"이나올수도없","이나올수도없",1
"이남아돌","이남아돌",1
"이다니기힘든곳","이다니기힘든곳",1
"이단","이단",1
"이도로","이도로",1
"이드","이드",1
"이럴수","이럴수",1
"이럴줄","이럴줄",1
"이렇게너무","이렇게너무",1
"이려","이려",1
"이리","이리",1
"이마","이마",1
"이만","이만",1
"이메","이메",1
"이모","이모",1
"이사갈집","이사갈집",1
"이삿날","이삿날",1
"이삿짐","이삿짐",1
"이순덕씨","이순덕씨",1
"이아주머니","이아주머니",1
"이양","이양",1
"이었","이었",1
"이에따른","이에따른",1
"이연기","이연기",1
"이외","이외",1
"이웃과","이웃과",1
"이웃집","이웃집",1
"이익","이익",1
"이제","이제",1
"이중","이중",1
"이중주","이중주",1
"이집","이집",1
"이층","이층",1
"이치아닌가요","이치아닌가요",1
"이틀간","이틀간",1
"이행","이행",1
"이화","이화",1
"익명","익명",1
"익숙","익숙",1
"인거","인거",1
"인권및차별적","인권및차별적",1
"인도및주","인도및주",1
"인사조치","인사조치",1
"인성및","인성및",1
"인식","인식",1
"인으","인으",1
"인입","인입",1
"인종","인종",1
"인체","인체",1
"인턴","인턴",1
"인테리어","인테리어",1
"인테리어업체및","인테리어업체및",1
"일나갈때","일나갈때",1
"일당","일당",1
"일동한신아파트","일동한신아파트",1
"일로","일로",1
"일몰","일몰",1
"일반인","일반인",1
"일반적","일반적",1
"일상","일상",1
"일언지하","일언지하",1
"일오후","일오후",1
"일원","일원",1
"일을","일을",1
"일일","일일",1
"일정","일정",1
"일제강점기","일제강점기",1
"일조","일조",1
"일치","일치",1
"일탈자","일탈자",1
"일토요","일토요",1
"일하는도중","일하는도중",1
"일할","일할",1
"일환","일환",1
"일회성","일회성",1
"임고숙","임고숙",1
"임신","임신",1
"입술","입술",1
"입자","입자",1
"입찰방식","입찰방식",1
"있겠","있겠",1
"있는길","있는길",1
"있는반면","있는반면",1
"있는팔도강산","있는팔도강산",1
"있슴","있슴",1
"있어야할곳","있어야할곳",1
"있으니깐","있으니깐",1
"있을시","있을시",1
"잉기응변","잉기응변",1
"자고","자고",1
"자꾸막히","자꾸막히",1
"자녀","자녀",1
"자동차바퀴","자동차바퀴",1
"자료실","자료실",1
"자리가많을때","자리가많을때",1
"자리인냥","자리인냥",1
"자세히보시","자세히보시",1
"자식","자식",1
"자식키우","자식키우",1
"자연사만하","자연사만하",1
"자원봉사","자원봉사",1
"자유기고가","자유기고가",1
"자유로","자유로",1
"자의","자의",1
"자이아파트","자이아파트",1
"자초지종","자초지종",1
"작업자","작업자",1
"작업할려는데","작업할려는데",1
"작은","작은",1
"잔디","잔디",1
"잔소리","잔소리",1
"잔인","잔인",1
"잘났다는","잘났다는",1
"잘수가없","잘수가없",1
"잘안보","잘안보",1
"잘타","잘타",1
"잠도못이루고있","잠도못이루고있",1
"잠은","잠은",1
"잠을자야하는데","잠을자야하는데",1
"잡다","잡다",1
"잡지","잡지",1
"장기적","장기적",1
"장마","장마",1
"장면도","장면도",1
"장비","장비",1
"장애우옆","장애우옆",1
"장애인복지","장애인복지",1
"장애인수련원옆","장애인수련원옆",1
"장애인을위해","장애인을위해",1
"장애인차좀","장애인차좀",1
"장유e그","장유e그",1
"장유ic","장유ic",1
"장유도서관","장유도서관",1
"장유율하","장유율하",1
"장재교오","장재교오",1
"장재물","장재물",1
"장치","장치",1
"재건축","재건축",1
"재고","재고",1
"재단","재단",1
"재래","재래",1
"재료","재료",1
"재발방지","재발방지",1
"재생","재생",1
"재어봣는데","재어봣는데",1
"재입","재입",1
"재직","재직",1
"재판","재판",1
"재활용","재활용",1
"저가","저가",1
"저거","저거",1
"저거주","저거주",1
"저녘","저녘",1
"저도","저도",1
"저런식","저런식",1
"저렇게주차","저렇게주차",1
"저보","저보",1
"저분들","저분들",1
"저분한","저분한",1
"저소득층","저소득층",1
"저차","저차",1
"저해","저해",1
"적법성","적법성",1
"적었","적었",1
"적이있","적이있",1
"적지","적지",1
"적치","적치",1
"적치행위","적치행위",1
"적혀있는걸","적혀있는걸",1
"적혀있지않고","적혀있지않고",1
"전가","전가",1
"전공","전공",1
"전국","전국",1
"전기","전기",1
"전기배선","전기배선",1
"전깃줄","전깃줄",1
"전동","전동",1
"전등갓","전등갓",1
"전라","전라",1
"전문","전문",1
"전보","전보",1
"전설","전설",1
"전세집구하","전세집구하",1
"전소","전소",1
"전역","전역",1
"전의","전의",1
"전이","전이",1
"전일","전일",1
"전쟁터","전쟁터",1
"전주","전주",1
"전진","전진",1
"전화통화","전화통화",1
"절감","절감",1
"절박","절박",1
"점용도로","점용도로",1
"점이었","점이었",1
"점포","점포",1
"접는","접는",1
"접는일","접는일",1
"접어","접어",1
"접질려","접질려",1
"접촉","접촉",1
"접한뒤","접한뒤",1
"정당","정당",1
"정돈","정돈",1
"정말","정말",1
"정보","정보",1
"정부","정부",1
"정비사업","정비사업",1
"정비소","정비소",1
"정수장","정수장",1
"정식","정식",1
"정신","정신",1
"정신병걸릴것","정신병걸릴것",1
"정안되","정안되",1
"정차및","정차및",1
"정체되는건","정체되는건",1
"정체였","정체였",1
"정해진걸","정해진걸",1
"정후","정후",1
"젖먹이","젖먹이",1
"제가","제가",1
"제가알기","제가알기",1
"제가하는설명","제가하는설명",1
"제값들여","제값들여",1
"제고","제고",1
"제대","제대",1
"제말좀","제말좀",1
"제발단속좀해","제발단속좀해",1
"제발요","제발요",1
"제법","제법",1
"제약","제약",1
"제의","제의",1
"제일큰","제일큰",1
"제작","제작",1
"제재","제재",1
"제정신","제정신",1
"제지","제지",1
"제품","제품",1
"젤미부영","젤미부영",1
"져있","져있",1
"조경","조경",1
"조국","조국",1
"조급","조급",1
"조기","조기",1
"조마","조마",1
"조명","조명",1
"조문","조문",1
"조선족","조선족",1
"조작","조작",1
"조절","조절",1
"조제","조제",1
"조직","조직",1
"조처","조처",1
"조치를취해주","조치를취해주",1
"조치좀해","조치좀해",1
"조항","조항",1
"졸지","졸지",1
"좀길어","좀길어",1
"좀해보","좀해보",1
"좁은골목","좁은골목",1
"좁은골목길","좁은골목길",1
"종료","종료",1
"종류","종류",1
"종용","종용",1
"종점","종점",1
"종종해","종종해",1
"종주거지","종주거지",1
"좋게해결하고싶","좋게해결하고싶",1
"좋은","좋은",1
"좌시","좌시",1
"좌회전창량","좌회전창량",1
"죄송합니","죄송합니",1
"주로","주로",1
"주말할것","주말할것",1
"주머니","주머니",1
"주면된다","주면된다",1
"주방가전","주방가전",1
"주방용품","주방용품",1
"주사하는건","주사하는건",1
"주셧","주셧",1
"주소지","주소지",1
"주었","주었",1
"주었으면하내요","주었으면하내요",1
"주위건물","주위건물",1
"주장","주장",1
"주정차단속","주정차단속",1
"주지않","주지않",1
"주차가너무","주차가너무",1
"주차가되","주차가되",1
"주차난","주차난",1
"주차되있","주차되있",1
"주차되있어","주차되있어",1
"주차를하","주차를하",1
"주차를하셨","주차를하셨",1
"주차를해","주차를해",1
"주차요원","주차요원",1
"주차장들어","주차장들어",1
"주차장으","주차장으",1
"주차장인가봅니","주차장인가봅니",1
"주차하는","주차하는",1
"주차하는건","주차하는건",1
"주차하는데","주차하는데",1
"주차하는지","주차하는지",1
"주차하려구요","주차하려구요",1
"주차한차들","주차한차들",1
"주차한후","주차한후",1
"주차할곳이없어","주차할곳이없어",1
"주차해놓","주차해놓",1
"주차해야되는데","주차해야되는데",1
"주차했","주차했",1
"주차했는데","주차했는데",1
"주착","주착",1
"주촌","주촌",1
"주최","주최",1
"주출입구","주출입구",1
"주호","주호",1
"죽도록하","죽도록하",1
"죽을꺼같","죽을꺼같",1
"죽일려","죽일려",1
"준다","준다",1
"준비","준비",1
"줄서","줄서",1
"중개","중개",1
"중고차","중고차",1
"중국어","중국어",1
"중국인","중국인",1
"중국현지","중국현지",1
"중립","중립",1
"중부경찰서","중부경찰서",1
"중성","중성",1
"중어","중어",1
"중창","중창",1
"중탕","중탕",1
"중흥s클래스","중흥s클래스",1
"증가하엿","증가하엿",1
"증거가있","증거가있",1
"증도","증도",1
"증명서","증명서",1
"증축","증축",1
"지구","지구",1
"지난번","지난번",1
"지서","지서",1
"지식","지식",1
"지않는것","지않는것",1
"지요","지요",1
"지원","지원",1
"지을예정","지을예정",1
"지장을줍니","지장을줍니",1
"지저분","지저분",1
"지점","지점",1
"직무","직무",1
"직장","직장",1
"직장동료","직장동료",1
"직장하","직장하",1
"직전","직전",1
"직접와","직접와",1
"직행했","직행했",1
"진단서","진단서",1
"진도","진도",1
"진돗개만한","진돗개만한",1
"진례방향","진례방향",1
"진례초","진례초",1
"진례초등학교","진례초등학교",1
"진로","진로",1
"진료기록","진료기록",1
"진료행위","진료행위",1
"진산","진산",1
"진상","진상",1
"진선처","진선처",1
"진올리","진올리",1
"진입도로","진입도로",1
"진입차량","진입차량",1
"진저리","진저리",1
"진퇴양난","진퇴양난",1
"진행방향","진행방향",1
"진행으","진행으",1
"진행하엿","진행하엿",1
"진흥","진흥",1
"진흥이엔지","진흥이엔지",1
"질거","질거",1
"질겁","질겁",1
"질주","질주",1
"짐승","짐승",1
"짐작","짐작",1
"짐작컨데","짐작컨데",1
"짐작케하","짐작케하",1
"집내부","집내부",1
"집대문","집대문",1
"집에오는길","집에오는길",1
"집입도","집입도",1
"집주","집주",1
"집중","집중",1
"집중단속하엿","집중단속하엿",1
"징검다리","징검다리",1
"징계","징계",1
"징수","징수",1
"짖고있구요","짖고있구요",1
"짖는다는건","짖는다는건",1
"짖는편이구요","짖는편이구요",1
"짧은거리이긴","짧은거리이긴",1
"째불법주정차","째불법주정차",1
"찍었","찍었",1
"찍으라해","찍으라해",1
"찢어졌","찢어졌",1
"차감","차감",1
"차고","차고",1
"차고지","차고지",1
"차고지외","차고지외",1
"차광","차광",1
"차내","차내",1
"차도로","차도로",1
"차두대","차두대",1
"차량정비","차량정비",1
"차량통행량","차량통행량",1
"차별","차별",1
"차부러지겠슴니","차부러지겠슴니",1
"차빼달라니깐","차빼달라니깐",1
"차상위계층","차상위계층",1
"차시","차시",1
"차아파트내","차아파트내",1
"차에없는걸로보","차에없는걸로보",1
"차이가","차이가",1
"차이가나","차이가나",1
"차익남길려","차익남길려",1
"차좀빼달라","차좀빼달라",1
"차지","차지",1
"차한대","차한대",1
"착색","착색",1
"찬성","찬성",1
"참관","참관",1
"참다못해","참다못해",1
"참다참다","참다참다",1
"참담","참담",1
"참드릅게합니","참드릅게합니",1
"참샘빌라","참샘빌라",1
"참생빌라","참생빌라",1
"참석","참석",1
"참여업체","참여업체",1
"참여자","참여자",1
"참으","참으",1
"창문닫","창문닫",1
"창밖","창밖",1
"창살사이로","창살사이로",1
"창선대교","창선대교",1
"창업","창업",1
"창원lg간","창원lg간",1
"창원방면","창원방면",1
"창원방면쪽","창원방면쪽",1
"창원방향","창원방향",1
"창원법원","창원법원",1
"창원쪽","창원쪽",1
"창조","창조",1
"채증","채증",1
"채찍","채찍",1
"책상","책상",1
"처다보","처다보",1
"처도없","처도없",1
"처방전","처방전",1
"처지","처지",1
"처참","처참",1
"천막","천막",1
"천만","천만",1
"천연가스","천연가스",1
"천정","천정",1
"천천","천천",1
"천편일율적","천편일율적",1
"철거를","철거를",1
"철저히좀","철저히좀",1
"철회","철회",1
"첫마디","첫마디",1
"첫번","첫번",1
"첫입주","첫입주",1
"첫째","첫째",1
"청결","청결",1
"청구","청구",1
"청소및","청소및",1
"청외대","청외대",1
"체중","체중",1
"체크","체크",1
"쳇바퀴","쳇바퀴",1
"초가","초가",1
"초경","초경",1
"초기","초기",1
"초등교","초등교",1
"초록","초록",1
"초보자","초보자",1
"초빙","초빙",1
"초입","초입",1
"초저녁","초저녁",1
"초중학교","초중학교",1
"초행길","초행길",1
"총무","총무",1
"총무과","총무과",1
"총포","총포",1
"최고","최고",1
"최소하","최소하",1
"최저가","최저가",1
"추성","추성",1
"추측","추측",1
"축구장","축구장",1
"축협앞","축협앞",1
"출타할일","출타할일",1
"출퇴근길","출퇴근길",1
"출하","출하",1
"충격이가","충격이가",1
"충돌","충돌",1
"취급","취급",1
"취약","취약",1
"취지","취지",1
"취침","취침",1
"취하지않","취하지않",1
"측면","측면",1
"층불법증축","층불법증축",1
"층원룸에거주하","층원룸에거주하",1
"층주차구역","층주차구역",1
"층주택","층주택",1
"치기를한후","치기를한후",1
"치는건","치는건",1
"치밀어","치밀어",1
"치솟았","치솟았",1
"치약","치약",1
"치어","치어",1
"친정","친정",1
"친정아버지","친정아버지",1
"친출입","친출입",1
"친흔적","친흔적",1
"칠산교차","칠산교차",1
"칠산교차로쪽","칠산교차로쪽",1
"침상","침상",1
"침수","침수",1
"침실","침실",1
"칫솔","칫솔",1
"카드","카드",1
"카렌스","카렌스",1
"카센타","카센타",1
"캠리","캠리",1
"캡처","캡처",1
"캡처해","캡처해",1
"캣맘","캣맘",1
"커서","커서",1
"컨테이너","컨테이너",1
"컹컹","컹컹",1
"컹컹거리면서요","컹컹거리면서요",1
"켓슬","켓슬",1
"켜봤","켜봤",1
"코스","코스",1
"코아상","코아상",1
"코아상가","코아상가",1
"코아상가부변","코아상가부변",1
"콘테이너","콘테이너",1
"콜택시","콜택시",1
"쿵거","쿵거",1
"퀵메뉴","퀵메뉴",1
"크로바","크로바",1
"크리스마스","크리스마스",1
"크지않겠","크지않겠",1
"큰길","큰길",1
"큰도로변","큰도로변",1
"큰딸","큰딸",1
"큰사고","큰사고",1
"큰아들","큰아들",1
"큰위험이있","큰위험이있",1
"큰차량","큰차량",1
"클릭","클릭",1
"키로나가","키로나가",1
"키우는곳","키우는곳",1
"타구","타구",1
"타들어갑니","타들어갑니",1
"타면","타면",1
"타운","타운",1
"타이어파손돼","타이어파손돼",1
"타지","타지",1
"탁상","탁상",1
"탁월","탁월",1
"탈때도있","탈때도있",1
"탈락","탈락",1
"탈세","탈세",1
"탈수","탈수",1
"탑덮으","탑덮으",1
"태광자동차","태광자동차",1
"태광자동차매매","태광자동차매매",1
"태그","태그",1
"태도","태도",1
"태민산업","태민산업",1
"태아","태아",1
"태양","태양",1
"태양캐미칼","태양캐미칼",1
"태연","태연",1
"태연하셨","태연하셨",1
"태영버스","태영버스",1
"태종대","태종대",1
"태화식당앞","태화식당앞",1
"터트","터트",1
"토대","토대",1
"톨게이트","톨게이트",1
"통도","통도",1
"통로","통로",1
"통받","통받",1
"통사시키","통사시키",1
"통상","통상",1
"통속","통속",1
"통장","통장",1
"통지서","통지서",1
"통학로","통학로",1
"통해","통해",1
"통행불편및","통행불편및",1
"퇴래","퇴래",1
"퇴폐업소","퇴폐업소",1
"투고","투고",1
"투기장","투기장",1
"투룸구조","투룸구조",1
"투서","투서",1
"투자유치","투자유치",1
"투자하","투자하",1
"투척힌","투척힌",1
"투표일","투표일",1
"특곰솥","특곰솥",1
"특성상","특성상",1
"특정인","특정인",1
"특활","특활",1
"특히주말에요","특히주말에요",1
"틀린관계","틀린관계",1
"파견","파견",1
"파는집","파는집",1
"파리바게트","파리바게트",1
"파손돼","파손돼",1
"파쇄","파쇄",1
"파여있","파여있",1
"파울","파울",1
"파이","파이",1
"파종","파종",1
"파출","파출",1
"파출소","파출소",1
"판넬","판넬",1
"판매용물건","판매용물건",1
"판이","판이",1
"팔고","팔고",1
"팔짱","팔짱",1
"패어","패어",1
"팻마트","팻마트",1
"팻말","팻말",1
"페스트","페스트",1
"페인트칠","페인트칠",1
"편백","편백",1
"편의주의","편의주의",1
"편파","편파",1
"평가","평가",1
"평균수명","평균수명",1
"평면","평면",1
"평탄","평탄",1
"폐벽돌","폐벽돌",1
"폐스티로폼","폐스티로폼",1
"폐질환","폐질환",1
"폐철근","폐철근",1
"폐콘크리트","폐콘크리트",1
"폐토사","폐토사",1
"폐투입","폐투입",1
"폐휴지줍","폐휴지줍",1
"포대","포대",1
"포로노","포로노",1
"포르노","포르노",1
"포상금","포상금",1
"포스코","포스코",1
"포착","포착",1
"포크","포크",1
"포크레인","포크레인",1
"폭우라도오","폭우라도오",1
"푸들","푸들",1
"풍기","풍기",1
"풍습","풍습",1
"풍자","풍자",1
"풍조","풍조",1
"프래카드","프래카드",1
"플라스틱","플라스틱",1
"피드백","피드백",1
"피로","피로",1
"피멍","피멍",1
"피시방","피시방",1
"피해다녀","피해다녀",1
"피해를봅니","피해를봅니",1
"하고","하고",1
"하고물으","하고물으",1
"하고픈","하고픈",1
"하는","하는",1
"하는거아닙니","하는거아닙니",1
"하는것요","하는것요",1
"하는분들","하는분들",1
"하니깐","하니깐",1
"하던데요","하던데요",1
"하동","하동",1
"하루벌어","하루벌어",1
"하루사","하루사",1
"하상","하상",1
"하셧네요","하셧네요",1
"하셨던거","하셨던거",1
"하신","하신",1
"하실","하실",1
"하여왔","하여왔",1
"하연","하연",1
"하의","하의",1
"하차","하차",1
"하행","하행",1
"학교시설","학교시설",1
"학무보","학무보",1
"학살","학살",1
"학생과","학생과",1
"학술지","학술지",1
"학용품","학용품",1
"한개차로","한개차로",1
"한거","한거",1
"한것이있어서요","한것이있어서요",1
"한계","한계",1
"한국어","한국어",1
"한군데","한군데",1
"한다손","한다손",1
"한대","한대",1
"한덕","한덕",1
"한려해상관광","한려해상관광",1
"한마리가누군","한마리가누군",1
"한말","한말",1
"한밤중","한밤중",1
"한번들","한번들",1
"한번식","한번식",1
"한번점검해","한번점검해",1
"한성어린이집앞","한성어린이집앞",1
"한숨","한숨",1
"한시","한시",1
"한영","한영",1
"한옥","한옥",1
"한일골드빌라","한일골드빌라",1
"한일공원","한일공원",1
"한일아파트","한일아파트",1
"한점","한점",1
"한진아파트","한진아파트",1
"한집","한집",1
"한차로","한차로",1
"한창","한창",1
"한행동","한행동",1
"할거","할거",1
"할머님","할머님",1
"할수있는관할","할수있는관할",1
"할수있도럭","할수있도럭",1
"할시","할시",1
"할아버님","할아버님",1
"할의","할의",1
"할증","할증",1
"함니","함니",1
"함미","함미",1
"합니","합니",1
"합다","합다",1
"합리화","합리화",1
"항간","항간",1
"항공기","항공기",1
"항도","항도",1
"항목","항목",1
"항상건승","항상건승",1
"항제","항제",1
"해결방법","해결방법",1
"해결점","해결점",1
"해결책","해결책",1
"해년","해년",1
"해동","해동",1
"해명","해명",1
"해명요구및","해명요구및",1
"해물","해물",1
"해반천길","해반천길",1
"해석","해석",1
"해소","해소",1
"해야하는거","해야하는거",1
"해외","해외",1
"해운","해운",1
"해제","해제",1
"해주었","해주었",1
"해준말","해준말",1
"햇반","햇반",1
"했구요","했구요",1
"했다는건","했다는건",1
"했다는소","했다는소",1
"했던니","했던니",1
"행가는거","행가는거",1
"행복추구권","행복추구권",1
"행복한노래교","행복한노래교",1
"행복한노래교실","행복한노래교실",1
"행위자","행위자",1
"행인","행인",1
"행태","행태",1
"허락","허락",1
"허영준","허영준",1
"허탕친","허탕친",1
"허홍재","허홍재",1
"헛딛여","헛딛여",1
"헬멧","헬멧",1
"혀한","혀한",1
"현수","현수",1
"현장에가","현장에가",1
"현주소","현주소",1
"현지","현지",1
"혈액검사","혈액검사",1
"협동관식당앞","협동관식당앞",1
"협박","협박",1
"협성","협성",1
"협소","협소",1
"형성","형성",1
"형체","형체",1
"형편","형편",1
"혜량하","혜량하",1
"호소","호소",1
"호의","호의",1
"호적","호적",1
"호텔","호텔",1
"혼란","혼란",1
"혼성","혼성",1
"홈피","홈피",1
"화기","화기",1
"화물","화물",1
"화물가들","화물가들",1
"화물트럭","화물트럭",1
"화분","화분",1
"화약","화약",1
"화정마을가","화정마을가",1
"확시한건","확시한건",1
"확신","확신",1
"확연","확연",1
"확장","확장",1
"확장공사","확장공사",1
"환불","환불",1
"환수","환수",1
"활성화","활성화",1
"활시설","활시설",1
"활폐기물","활폐기물",1
"활하","활하",1
"활하는데","활하는데",1
"활합니","활합니",1
"황사","황사",1
"회계","회계",1
"회관","회관",1
"회사원","회사원",1
"회색","회색",1
"회원모집","회원모집",1
"회의","회의",1
"회통념상","회통념상",1
"회피","회피",1
"횟수","횟수",1
"횟집","횟집",1
"효율성","효율성",1
"후레시","후레시",1
"후속조치","후속조치",1
"후의","후의",1
"후진국","후진국",1
"후회","후회",1
"훼손및","훼손및",1
"휴게소","휴게소",1
"휴계소","휴계소",1
"휴관인건","휴관인건",1
"휴대전화","휴대전화",1
"휴먼빌","휴먼빌",1
"휴식","휴식",1
"흘러나왔","흘러나왔",1
"흙과먼지","흙과먼지",1
"흙더미","흙더미",1
"흥동탕뒤","흥동탕뒤",1
"흥동탕옆","흥동탕옆",1
"히불편","히불편",1
"힘듦니","힘듦니",1
"힘빠지","힘빠지",1
